{"ElementSymbols":{"JunctionSymbol":{"type":"CIMPointSymbol","symbolLayers":[{"type":"CIMVectorMarker","enable":true,"anchorPointUnits":"Relative","dominantSizeAxis3D":"Y","size":4,"billboardMode3D":"FaceNearPlane","frame":{"xmin":-5,"ymin":-5,"xmax":5,"ymax":5},"markerGraphics":[{"type":"CIMMarkerGraphic","geometry":{"curveRings":[[[0,5],{"a":[[0,5],[2.4907917040907614E-15,0],0,1]}]]},"symbol":{"type":"CIMPolygonSymbol","symbolLayers":[{"type":"CIMSolidStroke","enable":true,"capStyle":"Round","joinStyle":"Round","lineStyle3D":"Strip","miterLimit":10,"width":1,"height3D":1,"anchor3D":"Center","color":{"type":"CIMRGBColor","values":[0,0,0,100]}},{"type":"CIMSolidFill","enable":true,"color":{"type":"CIMRGBColor","values":[146,212,0,100]}}],"angleAlignment":"Map"}}],"scaleSymbolsProportionally":true,"respectFrame":true}],"haloSize":1,"scaleX":1,"angleAlignment":"Display"},"TankSymbol":{"type":"CIMPointSymbol","symbolLayers":[{"type":"CIMCharacterMarker","enable":true,"anchorPointUnits":"Relative","dominantSizeAxis3D":"Y","size":16,"billboardMode3D":"FaceNearPlane","characterIndex":94,"fontFamilyName":"ESRI AMFM Water","fontStyleName":"Regular","fontType":"Unspecified","scaleX":1,"symbol":{"type":"CIMPolygonSymbol","symbolLayers":[{"type":"CIMSolidStroke","enable":true,"capStyle":"Round","joinStyle":"Round","lineStyle3D":"Strip","miterLimit":10,"width":0,"height3D":1,"anchor3D":"Center","color":{"type":"CIMRGBColor","values":[0,0,0,100]}},{"type":"CIMSolidFill","enable":true,"color":{"type":"CIMRGBColor","values":[117,225,225,100]}}],"angleAlignment":"Map"},"scaleSymbolsProportionally":true,"respectFrame":true}],"haloSize":1,"scaleX":1,"angleAlignment":"Display"},"ReservoirSymbol":{"type":"CIMPointSymbol","symbolLayers":[{"type":"CIMCharacterMarker","enable":true,"anchorPointUnits":"Relative","dominantSizeAxis3D":"Y","size":16,"billboardMode3D":"FaceNearPlane","characterIndex":62,"fontFamilyName":"ESRI Enviro Hazard Sites","fontStyleName":"Regular","fontType":"Unspecified","scaleX":1,"symbol":{"type":"CIMPolygonSymbol","symbolLayers":[{"type":"CIMSolidStroke","enable":true,"capStyle":"Round","joinStyle":"Round","lineStyle3D":"Strip","miterLimit":10,"width":0,"height3D":1,"anchor3D":"Center","color":{"type":"CIMRGBColor","values":[0,0,0,100]}},{"type":"CIMSolidFill","enable":true,"color":{"type":"CIMRGBColor","values":[117,225,225,100]}}],"angleAlignment":"Map"},"scaleSymbolsProportionally":true,"respectFrame":true}],"haloSize":1,"scaleX":1,"angleAlignment":"Display"},"PumpSymbol":{"type":"CIMPointSymbol","symbolLayers":[{"type":"CIMCharacterMarker","enable":true,"anchorPointUnits":"Relative","dominantSizeAxis3D":"Y","size":16,"billboardMode3D":"FaceNearPlane","characterIndex":77,"fontFamilyName":"ESRI AMFM Water","fontStyleName":"Regular","fontType":"Unspecified","scaleX":1,"symbol":{"type":"CIMPolygonSymbol","symbolLayers":[{"type":"CIMSolidStroke","enable":true,"capStyle":"Round","joinStyle":"Round","lineStyle3D":"Strip","miterLimit":10,"width":0,"height3D":1,"anchor3D":"Center","color":{"type":"CIMRGBColor","values":[0,0,0,100]}},{"type":"CIMSolidFill","enable":true,"color":{"type":"CIMRGBColor","values":[244,114,244,100]}}],"angleAlignment":"Map"},"scaleSymbolsProportionally":true,"respectFrame":true}],"haloSize":1,"scaleX":1,"angleAlignment":"Display"},"ValveSymbol":{"type":"CIMPointSymbol","symbolLayers":[{"type":"CIMCharacterMarker","enable":true,"anchorPointUnits":"Relative","dominantSizeAxis3D":"Y","rotation":90,"size":14,"billboardMode3D":"FaceNearPlane","characterIndex":65,"fontFamilyName":"ESRI AMFM Water","fontStyleName":"Regular","fontType":"Unspecified","scaleX":1,"symbol":{"type":"CIMPolygonSymbol","symbolLayers":[{"type":"CIMSolidStroke","enable":true,"capStyle":"Round","joinStyle":"Round","lineStyle3D":"Strip","miterLimit":10,"width":0,"height3D":1,"anchor3D":"Center","color":{"type":"CIMRGBColor","values":[0,0,0,100]}},{"type":"CIMSolidFill","enable":true,"color":{"type":"CIMRGBColor","values":[255,216,0,100]}}],"angleAlignment":"Map"},"scaleSymbolsProportionally":true,"respectFrame":true}],"haloSize":1,"scaleX":1,"angle":90,"angleAlignment":"Display"},"PipeSymbol":{"type":"CIMLineSymbol","symbolLayers":[{"type":"CIMSolidStroke","enable":true,"capStyle":"Round","joinStyle":"Round","lineStyle3D":"Strip","miterLimit":10,"width":1,"height3D":1,"anchor3D":"Center","color":{"type":"CIMRGBColor","values":[0,120,175,100]}}]}},"NodeTextSymbol":{"type":"CIMTextSymbol","blockProgression":"TTB","depth3D":1,"extrapolateBaselines":true,"fontEffects":"Normal","fontEncoding":"Unicode","fontFamilyName":"Arial","fontStyleName":"Regular","fontType":"Unspecified","haloSize":1,"height":8,"hinting":"Default","horizontalAlignment":"Left","kerning":true,"letterWidth":100,"ligatures":true,"lineGapType":"ExtraLeading","symbol":{"type":"CIMPolygonSymbol","symbolLayers":[{"type":"CIMSolidFill","enable":true,"color":{"type":"CIMRGBColor","values":[0,0,0,100]}}],"angleAlignment":"Map"},"textCase":"Normal","textDirection":"LTR","verticalAlignment":"Bottom","verticalGlyphOrientation":"Right","wordSpacing":100,"billboardMode3D":"FaceNearPlane"},"PipeTextSymbol":{"type":"CIMTextSymbol","blockProgression":"TTB","depth3D":1,"extrapolateBaselines":true,"fontEffects":"Normal","fontEncoding":"Unicode","fontFamilyName":"Arial","fontStyleName":"Regular","fontType":"Unspecified","haloSize":1,"height":8,"hinting":"Default","horizontalAlignment":"Left","kerning":true,"letterWidth":100,"ligatures":true,"lineGapType":"ExtraLeading","symbol":{"type":"CIMPolygonSymbol","symbolLayers":[{"type":"CIMSolidFill","enable":true,"color":{"type":"CIMRGBColor","values":[0,0,0,100]}}],"angleAlignment":"Map"},"textCase":"Normal","textDirection":"LTR","verticalAlignment":"Bottom","verticalGlyphOrientation":"Right","wordSpacing":100,"billboardMode3D":"FaceNearPlane"}}