<?xml version="1.0" encoding="UTF-8"?><SymbolConfiguration><ElementSymbols><CIMPointSymbol xsi:type="typens:CIMPointSymbol" xmlns:xsi="http://www.w3.org/2001/XMLSchema-instance" xmlns:xs="http://www.w3.org/2001/XMLSchema" xmlns:typens="http://www.esri.com/schemas/ArcGIS/2.8.0"><SymbolLayers xsi:type="typens:ArrayOfCIMSymbolLayer"><CIMSymbolLayer xsi:type="typens:CIMVectorMarker"><Enable>true</Enable><ColorLocked>false</ColorLocked><Overprint>false</Overprint><AnchorPointUnits>Relative</AnchorPointUnits><AngleX>0</AngleX><AngleY>0</AngleY><DominantSizeAxis3D>Y</DominantSizeAxis3D><OffsetX>0</OffsetX><OffsetY>0</OffsetY><OffsetZ>0</OffsetZ><RotateClockwise>false</RotateClockwise><Rotation>0</Rotation><Size>4</Size><BillboardMode3D>FaceNearPlane</BillboardMode3D><Depth3D>0</Depth3D><Frame xsi:type="typens:EnvelopeN"><XMin>-5</XMin><YMin>-5</YMin><XMax>5</XMax><YMax>5</YMax></Frame><MarkerGraphics xsi:type="typens:ArrayOfCIMMarkerGraphic"><CIMMarkerGraphic xsi:type="typens:CIMMarkerGraphic"><Geometry xsi:type="typens:PolygonN"><HasID>false</HasID><HasZ>false</HasZ><HasM>false</HasM><Extent xsi:type="typens:EnvelopeN"><XMin>-4.9999999999999902</XMin><YMin>-5</YMin><XMax>5.0000000000000098</XMax><YMax>5</YMax></Extent><RingArray xsi:type="typens:ArrayOfRing"><Ring xsi:type="typens:Ring"><SegmentArray xsi:type="typens:ArrayOfSegment"><Segment xsi:type="typens:CircularArc"><FromPoint xsi:type="typens:PointN"><X>0</X><Y>5</Y></FromPoint><ToPoint xsi:type="typens:PointN"><X>0</X><Y>5</Y></ToPoint><CenterPoint xsi:type="typens:PointN"><X>1.0154914337590645e-14</X><Y>0</Y></CenterPoint><IsCounterClockwise>false</IsCounterClockwise><IsMinor>false</IsMinor><IsLine>false</IsLine></Segment></SegmentArray></Ring></RingArray><KnownSimple>false</KnownSimple></Geometry><Symbol xsi:type="typens:CIMPolygonSymbol"><SymbolLayers xsi:type="typens:ArrayOfCIMSymbolLayer"><CIMSymbolLayer xsi:type="typens:CIMSolidStroke"><Enable>true</Enable><ColorLocked>false</ColorLocked><Overprint>false</Overprint><CapStyle>Round</CapStyle><JoinStyle>Round</JoinStyle><LineStyle3D>Strip</LineStyle3D><MiterLimit>10</MiterLimit><Width>1</Width><CloseCaps3D>false</CloseCaps3D><Color xsi:type="typens:CIMRGBColor"><Values xsi:type="typens:ArrayOfDouble"><Double>0</Double><Double>0</Double><Double>0</Double><Double>100</Double></Values></Color></CIMSymbolLayer><CIMSymbolLayer xsi:type="typens:CIMSolidFill"><Enable>true</Enable><ColorLocked>false</ColorLocked><Overprint>false</Overprint><Color xsi:type="typens:CIMRGBColor"><Values xsi:type="typens:ArrayOfDouble"><Double>146</Double><Double>212</Double><Double>0</Double><Double>100</Double></Values></Color></CIMSymbolLayer></SymbolLayers><ThumbnailURI /><UseRealWorldSymbolSizes>false</UseRealWorldSymbolSizes></Symbol><TextString /><PrimitiveName /></CIMMarkerGraphic></MarkerGraphics><VerticalOrientation3D>false</VerticalOrientation3D><ScaleSymbolsProportionally>true</ScaleSymbolsProportionally><RespectFrame>true</RespectFrame></CIMSymbolLayer></SymbolLayers><ThumbnailURI /><UseRealWorldSymbolSizes>false</UseRealWorldSymbolSizes><HaloSize>1</HaloSize><PrimitiveName /><ScaleX>1</ScaleX><Angle>0</Angle><AngleAlignment>Display</AngleAlignment></CIMPointSymbol><CIMPointSymbol xsi:type="typens:CIMPointSymbol" xmlns:xsi="http://www.w3.org/2001/XMLSchema-instance" xmlns:xs="http://www.w3.org/2001/XMLSchema" xmlns:typens="http://www.esri.com/schemas/ArcGIS/2.8.0"><SymbolLayers xsi:type="typens:ArrayOfCIMSymbolLayer"><CIMSymbolLayer xsi:type="typens:CIMCharacterMarker"><Enable>true</Enable><ColorLocked>false</ColorLocked><Overprint>false</Overprint><AnchorPointUnits>Relative</AnchorPointUnits><AngleX>0</AngleX><AngleY>0</AngleY><DominantSizeAxis3D>Y</DominantSizeAxis3D><OffsetX>0</OffsetX><OffsetY>0</OffsetY><OffsetZ>0</OffsetZ><RotateClockwise>false</RotateClockwise><Rotation>0</Rotation><Size>16</Size><BillboardMode3D>FaceNearPlane</BillboardMode3D><CharacterIndex>94</CharacterIndex><Depth3D>0</Depth3D><FontFamilyName>ESRI AMFM Water</FontFamilyName><FontStyleName>Regular</FontStyleName><FontType>Unspecified</FontType><ScaleX>1</ScaleX><Symbol xsi:type="typens:CIMPolygonSymbol"><SymbolLayers xsi:type="typens:ArrayOfCIMSymbolLayer"><CIMSymbolLayer xsi:type="typens:CIMSolidStroke"><Enable>true</Enable><ColorLocked>false</ColorLocked><Overprint>false</Overprint><CapStyle>Round</CapStyle><JoinStyle>Round</JoinStyle><LineStyle3D>Strip</LineStyle3D><MiterLimit>10</MiterLimit><Width>0</Width><CloseCaps3D>false</CloseCaps3D><Color xsi:type="typens:CIMRGBColor"><Values xsi:type="typens:ArrayOfDouble"><Double>0</Double><Double>0</Double><Double>0</Double><Double>100</Double></Values></Color></CIMSymbolLayer><CIMSymbolLayer xsi:type="typens:CIMSolidFill"><Enable>true</Enable><ColorLocked>false</ColorLocked><Overprint>false</Overprint><Color xsi:type="typens:CIMRGBColor"><Values xsi:type="typens:ArrayOfDouble"><Double>117</Double><Double>225</Double><Double>225</Double><Double>100</Double></Values></Color></CIMSymbolLayer></SymbolLayers><ThumbnailURI /><UseRealWorldSymbolSizes>false</UseRealWorldSymbolSizes></Symbol><VerticalOrientation3D>false</VerticalOrientation3D><ScaleSymbolsProportionally>true</ScaleSymbolsProportionally><RespectFrame>true</RespectFrame></CIMSymbolLayer></SymbolLayers><ThumbnailURI /><UseRealWorldSymbolSizes>false</UseRealWorldSymbolSizes><HaloSize>1</HaloSize><PrimitiveName /><ScaleX>1</ScaleX><Angle>0</Angle><AngleAlignment>Display</AngleAlignment></CIMPointSymbol><CIMPointSymbol xsi:type="typens:CIMPointSymbol" xmlns:xsi="http://www.w3.org/2001/XMLSchema-instance" xmlns:xs="http://www.w3.org/2001/XMLSchema" xmlns:typens="http://www.esri.com/schemas/ArcGIS/2.8.0"><SymbolLayers xsi:type="typens:ArrayOfCIMSymbolLayer"><CIMSymbolLayer xsi:type="typens:CIMCharacterMarker"><Enable>true</Enable><ColorLocked>false</ColorLocked><Overprint>false</Overprint><AnchorPointUnits>Relative</AnchorPointUnits><AngleX>0</AngleX><AngleY>0</AngleY><DominantSizeAxis3D>Y</DominantSizeAxis3D><OffsetX>0</OffsetX><OffsetY>0</OffsetY><OffsetZ>0</OffsetZ><RotateClockwise>false</RotateClockwise><Rotation>0</Rotation><Size>16</Size><BillboardMode3D>FaceNearPlane</BillboardMode3D><CharacterIndex>62</CharacterIndex><Depth3D>0</Depth3D><FontFamilyName>ESRI Enviro Hazard Sites</FontFamilyName><FontStyleName>Regular</FontStyleName><FontType>Unspecified</FontType><ScaleX>1</ScaleX><Symbol xsi:type="typens:CIMPolygonSymbol"><SymbolLayers xsi:type="typens:ArrayOfCIMSymbolLayer"><CIMSymbolLayer xsi:type="typens:CIMSolidStroke"><Enable>true</Enable><ColorLocked>false</ColorLocked><Overprint>false</Overprint><CapStyle>Round</CapStyle><JoinStyle>Round</JoinStyle><LineStyle3D>Strip</LineStyle3D><MiterLimit>10</MiterLimit><Width>0</Width><CloseCaps3D>false</CloseCaps3D><Color xsi:type="typens:CIMRGBColor"><Values xsi:type="typens:ArrayOfDouble"><Double>0</Double><Double>0</Double><Double>0</Double><Double>100</Double></Values></Color></CIMSymbolLayer><CIMSymbolLayer xsi:type="typens:CIMSolidFill"><Enable>true</Enable><ColorLocked>false</ColorLocked><Overprint>false</Overprint><Color xsi:type="typens:CIMRGBColor"><Values xsi:type="typens:ArrayOfDouble"><Double>117</Double><Double>225</Double><Double>225</Double><Double>100</Double></Values></Color></CIMSymbolLayer></SymbolLayers><ThumbnailURI /><UseRealWorldSymbolSizes>false</UseRealWorldSymbolSizes></Symbol><VerticalOrientation3D>false</VerticalOrientation3D><ScaleSymbolsProportionally>true</ScaleSymbolsProportionally><RespectFrame>true</RespectFrame></CIMSymbolLayer></SymbolLayers><ThumbnailURI /><UseRealWorldSymbolSizes>false</UseRealWorldSymbolSizes><HaloSize>1</HaloSize><PrimitiveName /><ScaleX>1</ScaleX><Angle>0</Angle><AngleAlignment>Display</AngleAlignment></CIMPointSymbol><CIMPointSymbol xsi:type="typens:CIMPointSymbol" xmlns:xsi="http://www.w3.org/2001/XMLSchema-instance" xmlns:xs="http://www.w3.org/2001/XMLSchema" xmlns:typens="http://www.esri.com/schemas/ArcGIS/2.8.0"><SymbolLayers xsi:type="typens:ArrayOfCIMSymbolLayer"><CIMSymbolLayer xsi:type="typens:CIMCharacterMarker"><Enable>true</Enable><ColorLocked>false</ColorLocked><Overprint>false</Overprint><AnchorPointUnits>Relative</AnchorPointUnits><AngleX>0</AngleX><AngleY>0</AngleY><DominantSizeAxis3D>Y</DominantSizeAxis3D><OffsetX>0</OffsetX><OffsetY>0</OffsetY><OffsetZ>0</OffsetZ><RotateClockwise>false</RotateClockwise><Rotation>0</Rotation><Size>16</Size><BillboardMode3D>FaceNearPlane</BillboardMode3D><CharacterIndex>77</CharacterIndex><Depth3D>0</Depth3D><FontFamilyName>ESRI AMFM Water</FontFamilyName><FontStyleName>Regular</FontStyleName><FontType>Unspecified</FontType><ScaleX>1</ScaleX><Symbol xsi:type="typens:CIMPolygonSymbol"><SymbolLayers xsi:type="typens:ArrayOfCIMSymbolLayer"><CIMSymbolLayer xsi:type="typens:CIMSolidStroke"><Enable>true</Enable><ColorLocked>false</ColorLocked><Overprint>false</Overprint><CapStyle>Round</CapStyle><JoinStyle>Round</JoinStyle><LineStyle3D>Strip</LineStyle3D><MiterLimit>10</MiterLimit><Width>0</Width><CloseCaps3D>false</CloseCaps3D><Color xsi:type="typens:CIMRGBColor"><Values xsi:type="typens:ArrayOfDouble"><Double>0</Double><Double>0</Double><Double>0</Double><Double>100</Double></Values></Color></CIMSymbolLayer><CIMSymbolLayer xsi:type="typens:CIMSolidFill"><Enable>true</Enable><ColorLocked>false</ColorLocked><Overprint>false</Overprint><Color xsi:type="typens:CIMRGBColor"><Values xsi:type="typens:ArrayOfDouble"><Double>244</Double><Double>114</Double><Double>244</Double><Double>100</Double></Values></Color></CIMSymbolLayer></SymbolLayers><ThumbnailURI /><UseRealWorldSymbolSizes>false</UseRealWorldSymbolSizes></Symbol><VerticalOrientation3D>false</VerticalOrientation3D><ScaleSymbolsProportionally>true</ScaleSymbolsProportionally><RespectFrame>true</RespectFrame></CIMSymbolLayer></SymbolLayers><ThumbnailURI /><UseRealWorldSymbolSizes>false</UseRealWorldSymbolSizes><HaloSize>1</HaloSize><PrimitiveName /><ScaleX>1</ScaleX><Angle>0</Angle><AngleAlignment>Display</AngleAlignment></CIMPointSymbol><CIMPointSymbol xsi:type="typens:CIMPointSymbol" xmlns:xsi="http://www.w3.org/2001/XMLSchema-instance" xmlns:xs="http://www.w3.org/2001/XMLSchema" xmlns:typens="http://www.esri.com/schemas/ArcGIS/2.8.0"><SymbolLayers xsi:type="typens:ArrayOfCIMSymbolLayer"><CIMSymbolLayer xsi:type="typens:CIMCharacterMarker"><Enable>true</Enable><ColorLocked>false</ColorLocked><Overprint>false</Overprint><AnchorPointUnits>Relative</AnchorPointUnits><AngleX>0</AngleX><AngleY>0</AngleY><DominantSizeAxis3D>Y</DominantSizeAxis3D><OffsetX>0</OffsetX><OffsetY>0</OffsetY><OffsetZ>0</OffsetZ><RotateClockwise>false</RotateClockwise><Rotation>90</Rotation><Size>14</Size><BillboardMode3D>FaceNearPlane</BillboardMode3D><CharacterIndex>65</CharacterIndex><Depth3D>0</Depth3D><FontFamilyName>ESRI AMFM Water</FontFamilyName><FontStyleName>Regular</FontStyleName><FontType>Unspecified</FontType><ScaleX>1</ScaleX><Symbol xsi:type="typens:CIMPolygonSymbol"><SymbolLayers xsi:type="typens:ArrayOfCIMSymbolLayer"><CIMSymbolLayer xsi:type="typens:CIMSolidStroke"><Enable>true</Enable><ColorLocked>false</ColorLocked><Overprint>false</Overprint><CapStyle>Round</CapStyle><JoinStyle>Round</JoinStyle><LineStyle3D>Strip</LineStyle3D><MiterLimit>10</MiterLimit><Width>0</Width><CloseCaps3D>false</CloseCaps3D><Color xsi:type="typens:CIMRGBColor"><Values xsi:type="typens:ArrayOfDouble"><Double>0</Double><Double>0</Double><Double>0</Double><Double>100</Double></Values></Color></CIMSymbolLayer><CIMSymbolLayer xsi:type="typens:CIMSolidFill"><Enable>true</Enable><ColorLocked>false</ColorLocked><Overprint>false</Overprint><Color xsi:type="typens:CIMRGBColor"><Values xsi:type="typens:ArrayOfDouble"><Double>255</Double><Double>216</Double><Double>0</Double><Double>100</Double></Values></Color></CIMSymbolLayer></SymbolLayers><ThumbnailURI /><UseRealWorldSymbolSizes>false</UseRealWorldSymbolSizes></Symbol><VerticalOrientation3D>false</VerticalOrientation3D><ScaleSymbolsProportionally>true</ScaleSymbolsProportionally><RespectFrame>true</RespectFrame></CIMSymbolLayer></SymbolLayers><ThumbnailURI /><UseRealWorldSymbolSizes>false</UseRealWorldSymbolSizes><HaloSize>1</HaloSize><PrimitiveName /><ScaleX>1</ScaleX><Angle>90</Angle><AngleAlignment>Display</AngleAlignment></CIMPointSymbol><CIMLineSymbol xsi:type="typens:CIMLineSymbol" xmlns:xsi="http://www.w3.org/2001/XMLSchema-instance" xmlns:xs="http://www.w3.org/2001/XMLSchema" xmlns:typens="http://www.esri.com/schemas/ArcGIS/2.8.0"><SymbolLayers xsi:type="typens:ArrayOfCIMSymbolLayer"><CIMSymbolLayer xsi:type="typens:CIMSolidStroke"><Enable>true</Enable><ColorLocked>false</ColorLocked><Overprint>false</Overprint><CapStyle>Round</CapStyle><JoinStyle>Round</JoinStyle><LineStyle3D>Strip</LineStyle3D><MiterLimit>10</MiterLimit><Width>1</Width><CloseCaps3D>false</CloseCaps3D><Color xsi:type="typens:CIMRGBColor"><Values xsi:type="typens:ArrayOfDouble"><Double>0</Double><Double>120</Double><Double>175</Double><Double>100</Double></Values></Color></CIMSymbolLayer></SymbolLayers><ThumbnailURI /><UseRealWorldSymbolSizes>false</UseRealWorldSymbolSizes></CIMLineSymbol></ElementSymbols><NodeTextSymbol><CIMTextSymbol xsi:type="typens:CIMTextSymbol" xmlns:xsi="http://www.w3.org/2001/XMLSchema-instance" xmlns:xs="http://www.w3.org/2001/XMLSchema" xmlns:typens="http://www.esri.com/schemas/ArcGIS/2.8.0"><Angle>0</Angle><AngleX>0</AngleX><AngleY>0</AngleY><BlockProgression>TTB</BlockProgression><CompatibilityMode>false</CompatibilityMode><Depth3D>1</Depth3D><DrawGlyphsAsGeometry>false</DrawGlyphsAsGeometry><DrawSoftHyphen>false</DrawSoftHyphen><ExtrapolateBaselines>true</ExtrapolateBaselines><FlipAngle>0</FlipAngle><FontEffects>Normal</FontEffects><FontEncoding>Unicode</FontEncoding><FontFamilyName>Arial</FontFamilyName><FontStyleName>Regular</FontStyleName><FontType>Unspecified</FontType><GlyphRotation>0</GlyphRotation><HaloSize>1</HaloSize><Height>8</Height><Hinting>Default</Hinting><HorizontalAlignment>Left</HorizontalAlignment><IndentAfter>0</IndentAfter><IndentBefore>0</IndentBefore><IndentFirstLine>0</IndentFirstLine><Kerning>true</Kerning><LetterSpacing>0</LetterSpacing><LetterWidth>100</LetterWidth><Ligatures>true</Ligatures><LineGap>0</LineGap><LineGapType>ExtraLeading</LineGapType><OffsetX>0</OffsetX><OffsetY>0</OffsetY><OffsetZ>0</OffsetZ><ShadowOffsetX>0</ShadowOffsetX><ShadowOffsetY>0</ShadowOffsetY><SmallCaps>false</SmallCaps><Strikethrough>false</Strikethrough><Symbol xsi:type="typens:CIMPolygonSymbol"><SymbolLayers xsi:type="typens:ArrayOfCIMSymbolLayer"><CIMSymbolLayer xsi:type="typens:CIMSolidFill"><Enable>true</Enable><ColorLocked>false</ColorLocked><Overprint>false</Overprint><Color xsi:type="typens:CIMRGBColor"><Values xsi:type="typens:ArrayOfDouble"><Double>0</Double><Double>0</Double><Double>0</Double><Double>100</Double></Values></Color></CIMSymbolLayer></SymbolLayers><ThumbnailURI /><UseRealWorldSymbolSizes>false</UseRealWorldSymbolSizes></Symbol><TextCase>Normal</TextCase><TextDirection>LTR</TextDirection><Underline>false</Underline><VerticalAlignment>Bottom</VerticalAlignment><VerticalGlyphOrientation>Right</VerticalGlyphOrientation><WordSpacing>100</WordSpacing><BillboardMode3D>FaceNearPlane</BillboardMode3D><Overprint>false</Overprint></CIMTextSymbol></NodeTextSymbol><PipeTextSymbol><CIMTextSymbol xsi:type="typens:CIMTextSymbol" xmlns:xsi="http://www.w3.org/2001/XMLSchema-instance" xmlns:xs="http://www.w3.org/2001/XMLSchema" xmlns:typens="http://www.esri.com/schemas/ArcGIS/2.8.0"><Angle>0</Angle><AngleX>0</AngleX><AngleY>0</AngleY><BlockProgression>TTB</BlockProgression><CompatibilityMode>false</CompatibilityMode><Depth3D>1</Depth3D><DrawGlyphsAsGeometry>false</DrawGlyphsAsGeometry><DrawSoftHyphen>false</DrawSoftHyphen><ExtrapolateBaselines>true</ExtrapolateBaselines><FlipAngle>0</FlipAngle><FontEffects>Normal</FontEffects><FontEncoding>Unicode</FontEncoding><FontFamilyName>Arial</FontFamilyName><FontStyleName>Regular</FontStyleName><FontType>Unspecified</FontType><GlyphRotation>0</GlyphRotation><HaloSize>1</HaloSize><Height>8</Height><Hinting>Default</Hinting><HorizontalAlignment>Left</HorizontalAlignment><IndentAfter>0</IndentAfter><IndentBefore>0</IndentBefore><IndentFirstLine>0</IndentFirstLine><Kerning>true</Kerning><LetterSpacing>0</LetterSpacing><LetterWidth>100</LetterWidth><Ligatures>true</Ligatures><LineGap>0</LineGap><LineGapType>ExtraLeading</LineGapType><OffsetX>0</OffsetX><OffsetY>0</OffsetY><OffsetZ>0</OffsetZ><ShadowOffsetX>0</ShadowOffsetX><ShadowOffsetY>0</ShadowOffsetY><SmallCaps>false</SmallCaps><Strikethrough>false</Strikethrough><Symbol xsi:type="typens:CIMPolygonSymbol"><SymbolLayers xsi:type="typens:ArrayOfCIMSymbolLayer"><CIMSymbolLayer xsi:type="typens:CIMSolidFill"><Enable>true</Enable><ColorLocked>false</ColorLocked><Overprint>false</Overprint><Color xsi:type="typens:CIMRGBColor"><Values xsi:type="typens:ArrayOfDouble"><Double>0</Double><Double>0</Double><Double>0</Double><Double>100</Double></Values></Color></CIMSymbolLayer></SymbolLayers><ThumbnailURI /><UseRealWorldSymbolSizes>false</UseRealWorldSymbolSizes></Symbol><TextCase>Normal</TextCase><TextDirection>LTR</TextDirection><Underline>false</Underline><VerticalAlignment>Bottom</VerticalAlignment><VerticalGlyphOrientation>Right</VerticalGlyphOrientation><WordSpacing>100</WordSpacing><BillboardMode3D>FaceNearPlane</BillboardMode3D><Overprint>false</Overprint></CIMTextSymbol></PipeTextSymbol></SymbolConfiguration>