<?xml version="1.0" encoding="UTF-8"?>
<metadata xml:lang="en"><Esri><CreaDate>20210528</CreaDate><CreaTime>14185400</CreaTime><ArcGISFormat>1.0</ArcGISFormat><SyncOnce>TRUE</SyncOnce><DataProperties><lineage><Process ToolSource="c:\program files\arcgis\pro\Resources\ArcToolbox\Toolboxes\Data Management Tools.tbx\AddIndex" Date="20210528" Time="141854">AddIndex C:\ProgramData\Innovyze\Temp\IWPR10VDB\IWVDB14\JCTOUT.DBF ID # UNIQUE NON_ASCENDING</Process><Process ToolSource="c:\program files\arcgis\pro\Resources\ArcToolbox\Toolboxes\Data Management Tools.tbx\AddIndex" Date="20210528" Time="141854">AddIndex C:\ProgramData\Innovyze\Temp\IWPR10VDB\IWVDB14\JCTOUT.DBF ID # UNIQUE NON_ASCENDING</Process><Process ToolSource="c:\program files\arcgis\pro\Resources\ArcToolbox\Toolboxes\Data Management Tools.tbx\RemoveIndex" Date="20210528" Time="141944">RemoveIndex C:\ProgramData\Innovyze\Temp\IWPR10VDB\IWVDB14\JCTOUT.DBF ID</Process><Process ToolSource="c:\program files\arcgis\pro\Resources\ArcToolbox\Toolboxes\Data Management Tools.tbx\AddIndex" Date="20210528" Time="141945">AddIndex C:\ProgramData\Innovyze\Temp\IWPR10VDB\IWVDB14\JCTOUT.DBF ID # UNIQUE NON_ASCENDING</Process><Process ToolSource="c:\program files\arcgis\pro\Resources\ArcToolbox\Toolboxes\Data Management Tools.tbx\RemoveIndex" Date="20210528" Time="141946">RemoveIndex C:\ProgramData\Innovyze\Temp\IWPR10VDB\IWVDB14\JCTOUT.DBF ID</Process><Process ToolSource="c:\program files\arcgis\pro\Resources\ArcToolbox\Toolboxes\Data Management Tools.tbx\AddIndex" Date="20210528" Time="141946">AddIndex C:\ProgramData\Innovyze\Temp\IWPR10VDB\IWVDB14\JCTOUT.DBF ID # UNIQUE NON_ASCENDING</Process><Process ToolSource="c:\program files\arcgis\pro\Resources\ArcToolbox\Toolboxes\Data Management Tools.tbx\RemoveIndex" Date="20210528" Time="145116">RemoveIndex C:\ProgramData\Innovyze\Temp\IWPR10VDB\IWVDB14\JCTOUT.DBF ID</Process><Process ToolSource="c:\program files\arcgis\pro\Resources\ArcToolbox\Toolboxes\Data Management Tools.tbx\AddIndex" Date="20210528" Time="145116">AddIndex C:\ProgramData\Innovyze\Temp\IWPR10VDB\IWVDB14\JCTOUT.DBF ID # UNIQUE NON_ASCENDING</Process><Process ToolSource="c:\program files\arcgis\pro\Resources\ArcToolbox\Toolboxes\Data Management Tools.tbx\AddIndex" Date="20210528" Time="145436">AddIndex C:\ProgramData\Innovyze\Temp\IWPR10VDB\IWVDB14\JCTOUT.DBF ID # UNIQUE NON_ASCENDING</Process><Process ToolSource="c:\program files\arcgis\pro\Resources\ArcToolbox\Toolboxes\Data Management Tools.tbx\AddIndex" Date="20210528" Time="145543">AddIndex C:\ProgramData\Innovyze\Temp\IWPR10VDB\IWVDB14\JCTOUT.DBF ID # UNIQUE NON_ASCENDING</Process><Process ToolSource="c:\program files\arcgis\pro\Resources\ArcToolbox\Toolboxes\Data Management Tools.tbx\RemoveIndex" Date="20210528" Time="145545">RemoveIndex C:\ProgramData\Innovyze\Temp\IWPR10VDB\IWVDB14\JCTOUT.DBF ID</Process><Process ToolSource="c:\program files\arcgis\pro\Resources\ArcToolbox\Toolboxes\Data Management Tools.tbx\AddIndex" Date="20210528" Time="145545">AddIndex C:\ProgramData\Innovyze\Temp\IWPR10VDB\IWVDB14\JCTOUT.DBF ID # UNIQUE NON_ASCENDING</Process><Process ToolSource="c:\program files\arcgis\pro\Resources\ArcToolbox\Toolboxes\Data Management Tools.tbx\AddIndex" Date="20210528" Time="145607">AddIndex C:\ProgramData\Innovyze\Temp\IWPR10VDB\IWVDB14\JCTOUT.DBF ID # UNIQUE NON_ASCENDING</Process><Process ToolSource="c:\program files\arcgis\pro\Resources\ArcToolbox\Toolboxes\Data Management Tools.tbx\RemoveIndex" Date="20210528" Time="145609">RemoveIndex C:\ProgramData\Innovyze\Temp\IWPR10VDB\IWVDB14\JCTOUT.DBF ID</Process><Process ToolSource="c:\program files\arcgis\pro\Resources\ArcToolbox\Toolboxes\Data Management Tools.tbx\AddIndex" Date="20210528" Time="145609">AddIndex C:\ProgramData\Innovyze\Temp\IWPR10VDB\IWVDB14\JCTOUT.DBF ID # UNIQUE NON_ASCENDING</Process><Process ToolSource="c:\program files\arcgis\pro\Resources\ArcToolbox\Toolboxes\Data Management Tools.tbx\AddIndex" Date="20210603" Time="220934">AddIndex C:\ProgramData\Innovyze\Temp\IWPR10VDB\IWVDB14\JCTOUT.DBF ID # UNIQUE NON_ASCENDING</Process><Process ToolSource="c:\program files\arcgis\pro\Resources\ArcToolbox\Toolboxes\Data Management Tools.tbx\RemoveIndex" Date="20210603" Time="220938">RemoveIndex C:\ProgramData\Innovyze\Temp\IWPR10VDB\IWVDB14\JCTOUT.DBF ID</Process><Process ToolSource="c:\program files\arcgis\pro\Resources\ArcToolbox\Toolboxes\Data Management Tools.tbx\AddIndex" Date="20210603" Time="220938">AddIndex C:\ProgramData\Innovyze\Temp\IWPR10VDB\IWVDB14\JCTOUT.DBF ID # UNIQUE NON_ASCENDING</Process><Process ToolSource="c:\program files\arcgis\pro\Resources\ArcToolbox\Toolboxes\Data Management Tools.tbx\AddIndex" Date="20210603" Time="221950">AddIndex C:\ProgramData\Innovyze\Temp\IWPR10VDB\IWVDB14\JCTOUT.DBF ID # UNIQUE NON_ASCENDING</Process><Process ToolSource="c:\program files\arcgis\pro\Resources\ArcToolbox\Toolboxes\Data Management Tools.tbx\RemoveIndex" Date="20210603" Time="221954">RemoveIndex C:\ProgramData\Innovyze\Temp\IWPR10VDB\IWVDB14\JCTOUT.DBF ID</Process><Process ToolSource="c:\program files\arcgis\pro\Resources\ArcToolbox\Toolboxes\Data Management Tools.tbx\AddIndex" Date="20210603" Time="221954">AddIndex C:\ProgramData\Innovyze\Temp\IWPR10VDB\IWVDB14\JCTOUT.DBF ID # UNIQUE NON_ASCENDING</Process><Process ToolSource="c:\program files\arcgis\pro\Resources\ArcToolbox\Toolboxes\Data Management Tools.tbx\AddIndex" Date="20210603" Time="222326">AddIndex C:\ProgramData\Innovyze\Temp\IWPR10VDB\IWVDB14\JCTOUT.DBF ID # UNIQUE NON_ASCENDING</Process><Process ToolSource="c:\program files\arcgis\pro\Resources\ArcToolbox\Toolboxes\Data Management Tools.tbx\RemoveIndex" Date="20210603" Time="222339">RemoveIndex C:\ProgramData\Innovyze\Temp\IWPR10VDB\IWVDB14\JCTOUT.DBF ID</Process><Process ToolSource="c:\program files\arcgis\pro\Resources\ArcToolbox\Toolboxes\Data Management Tools.tbx\AddIndex" Date="20210603" Time="222339">AddIndex C:\ProgramData\Innovyze\Temp\IWPR10VDB\IWVDB14\JCTOUT.DBF ID # UNIQUE NON_ASCENDING</Process><Process ToolSource="c:\program files\arcgis\pro\Resources\ArcToolbox\Toolboxes\Data Management Tools.tbx\AddIndex" Date="20210603" Time="223709">AddIndex C:\ProgramData\Innovyze\Temp\IWPR10VDB\IWVDB14\JCTOUT.DBF ID # UNIQUE NON_ASCENDING</Process><Process ToolSource="c:\program files\arcgis\pro\Resources\ArcToolbox\Toolboxes\Data Management Tools.tbx\RemoveIndex" Date="20210603" Time="223713">RemoveIndex C:\ProgramData\Innovyze\Temp\IWPR10VDB\IWVDB14\JCTOUT.DBF ID</Process><Process ToolSource="c:\program files\arcgis\pro\Resources\ArcToolbox\Toolboxes\Data Management Tools.tbx\AddIndex" Date="20210603" Time="223713">AddIndex C:\ProgramData\Innovyze\Temp\IWPR10VDB\IWVDB14\JCTOUT.DBF ID # UNIQUE NON_ASCENDING</Process><Process ToolSource="c:\program files\arcgis\pro\Resources\ArcToolbox\Toolboxes\Data Management Tools.tbx\RemoveIndex" Date="20210603" Time="224614">RemoveIndex C:\ProgramData\Innovyze\Temp\IWPR10VDB\IWVDB14\JCTOUT.DBF ID</Process><Process ToolSource="c:\program files\arcgis\pro\Resources\ArcToolbox\Toolboxes\Data Management Tools.tbx\AddIndex" Date="20210603" Time="224614">AddIndex C:\ProgramData\Innovyze\Temp\IWPR10VDB\IWVDB14\JCTOUT.DBF ID # UNIQUE NON_ASCENDING</Process><Process ToolSource="c:\program files\arcgis\pro\Resources\ArcToolbox\Toolboxes\Data Management Tools.tbx\AddIndex" Date="20210603" Time="224808">AddIndex C:\ProgramData\Innovyze\Temp\IWPR10VDB\IWVDB14\JCTOUT.DBF ID # UNIQUE NON_ASCENDING</Process><Process ToolSource="c:\program files\arcgis\pro\Resources\ArcToolbox\Toolboxes\Data Management Tools.tbx\RemoveIndex" Date="20210603" Time="224812">RemoveIndex C:\ProgramData\Innovyze\Temp\IWPR10VDB\IWVDB14\JCTOUT.DBF ID</Process><Process ToolSource="c:\program files\arcgis\pro\Resources\ArcToolbox\Toolboxes\Data Management Tools.tbx\AddIndex" Date="20210603" Time="224812">AddIndex C:\ProgramData\Innovyze\Temp\IWPR10VDB\IWVDB14\JCTOUT.DBF ID # UNIQUE NON_ASCENDING</Process><Process ToolSource="c:\program files\arcgis\pro\Resources\ArcToolbox\Toolboxes\Data Management Tools.tbx\AddIndex" Date="20210603" Time="225218">AddIndex C:\ProgramData\Innovyze\Temp\IWPR10VDB\IWVDB14\JCTOUT.DBF ID # UNIQUE NON_ASCENDING</Process><Process ToolSource="c:\program files\arcgis\pro\Resources\ArcToolbox\Toolboxes\Data Management Tools.tbx\RemoveIndex" Date="20210603" Time="225222">RemoveIndex C:\ProgramData\Innovyze\Temp\IWPR10VDB\IWVDB14\JCTOUT.DBF ID</Process><Process ToolSource="c:\program files\arcgis\pro\Resources\ArcToolbox\Toolboxes\Data Management Tools.tbx\AddIndex" Date="20210603" Time="225222">AddIndex C:\ProgramData\Innovyze\Temp\IWPR10VDB\IWVDB14\JCTOUT.DBF ID # UNIQUE NON_ASCENDING</Process><Process ToolSource="c:\program files\arcgis\pro\Resources\ArcToolbox\Toolboxes\Data Management Tools.tbx\AddIndex" Date="20210603" Time="225354">AddIndex C:\ProgramData\Innovyze\Temp\IWPR10VDB\IWVDB14\JCTOUT.DBF ID # UNIQUE NON_ASCENDING</Process><Process ToolSource="c:\program files\arcgis\pro\Resources\ArcToolbox\Toolboxes\Data Management Tools.tbx\RemoveIndex" Date="20210603" Time="225357">RemoveIndex C:\ProgramData\Innovyze\Temp\IWPR10VDB\IWVDB14\JCTOUT.DBF ID</Process><Process ToolSource="c:\program files\arcgis\pro\Resources\ArcToolbox\Toolboxes\Data Management Tools.tbx\AddIndex" Date="20210603" Time="225357">AddIndex C:\ProgramData\Innovyze\Temp\IWPR10VDB\IWVDB14\JCTOUT.DBF ID # UNIQUE NON_ASCENDING</Process><Process ToolSource="c:\program files\arcgis\pro\Resources\ArcToolbox\Toolboxes\Data Management Tools.tbx\AddIndex" Date="20210603" Time="225437">AddIndex C:\ProgramData\Innovyze\Temp\IWPR10VDB\IWVDB14\JCTOUT.DBF ID # UNIQUE NON_ASCENDING</Process><Process ToolSource="c:\program files\arcgis\pro\Resources\ArcToolbox\Toolboxes\Data Management Tools.tbx\RemoveIndex" Date="20210603" Time="225441">RemoveIndex C:\ProgramData\Innovyze\Temp\IWPR10VDB\IWVDB14\JCTOUT.DBF ID</Process><Process ToolSource="c:\program files\arcgis\pro\Resources\ArcToolbox\Toolboxes\Data Management Tools.tbx\AddIndex" Date="20210603" Time="225441">AddIndex C:\ProgramData\Innovyze\Temp\IWPR10VDB\IWVDB14\JCTOUT.DBF ID # UNIQUE NON_ASCENDING</Process><Process ToolSource="c:\program files\arcgis\pro\Resources\ArcToolbox\Toolboxes\Data Management Tools.tbx\AddIndex" Date="20210603" Time="230744">AddIndex C:\ProgramData\Innovyze\Temp\IWPR10VDB\IWVDB14\JCTOUT.DBF ID # UNIQUE NON_ASCENDING</Process><Process ToolSource="c:\program files\arcgis\pro\Resources\ArcToolbox\Toolboxes\Data Management Tools.tbx\RemoveIndex" Date="20210603" Time="230749">RemoveIndex C:\ProgramData\Innovyze\Temp\IWPR10VDB\IWVDB14\JCTOUT.DBF ID</Process><Process ToolSource="c:\program files\arcgis\pro\Resources\ArcToolbox\Toolboxes\Data Management Tools.tbx\AddIndex" Date="20210603" Time="230749">AddIndex C:\ProgramData\Innovyze\Temp\IWPR10VDB\IWVDB14\JCTOUT.DBF ID # UNIQUE NON_ASCENDING</Process><Process ToolSource="c:\program files\arcgis\pro\Resources\ArcToolbox\Toolboxes\Data Management Tools.tbx\RemoveIndex" Date="20210603" Time="232845">RemoveIndex C:\ProgramData\Innovyze\Temp\IWPR10VDB\IWVDB14\JCTOUT.DBF ID</Process><Process ToolSource="c:\program files\arcgis\pro\Resources\ArcToolbox\Toolboxes\Data Management Tools.tbx\AddIndex" Date="20210603" Time="232846">AddIndex C:\ProgramData\Innovyze\Temp\IWPR10VDB\IWVDB14\JCTOUT.DBF ID # UNIQUE NON_ASCENDING</Process><Process ToolSource="c:\program files\arcgis\pro\Resources\ArcToolbox\Toolboxes\Data Management Tools.tbx\RemoveIndex" Date="20210603" Time="233121">RemoveIndex C:\ProgramData\Innovyze\Temp\IWPR10VDB\IWVDB14\JCTOUT.DBF ID</Process><Process ToolSource="c:\program files\arcgis\pro\Resources\ArcToolbox\Toolboxes\Data Management Tools.tbx\AddIndex" Date="20210603" Time="233122">AddIndex C:\ProgramData\Innovyze\Temp\IWPR10VDB\IWVDB14\JCTOUT.DBF ID # UNIQUE NON_ASCENDING</Process><Process ToolSource="c:\program files\arcgis\pro\Resources\ArcToolbox\Toolboxes\Data Management Tools.tbx\RemoveIndex" Date="20210603" Time="233447">RemoveIndex C:\ProgramData\Innovyze\Temp\IWPR10VDB\IWVDB14\JCTOUT.DBF ID</Process><Process ToolSource="c:\program files\arcgis\pro\Resources\ArcToolbox\Toolboxes\Data Management Tools.tbx\AddIndex" Date="20210603" Time="233447">AddIndex C:\ProgramData\Innovyze\Temp\IWPR10VDB\IWVDB14\JCTOUT.DBF ID # UNIQUE NON_ASCENDING</Process><Process ToolSource="c:\program files\arcgis\pro\Resources\ArcToolbox\Toolboxes\Data Management Tools.tbx\AddIndex" Date="20210603" Time="233622">AddIndex C:\ProgramData\Innovyze\Temp\IWPR10VDB\IWVDB14\JCTOUT.DBF ID # UNIQUE NON_ASCENDING</Process><Process ToolSource="c:\program files\arcgis\pro\Resources\ArcToolbox\Toolboxes\Data Management Tools.tbx\AddIndex" Date="20210603" Time="234702">AddIndex C:\ProgramData\Innovyze\Temp\IWPR10VDB\IWVDB14\JCTOUT.DBF ID # UNIQUE NON_ASCENDING</Process><Process ToolSource="c:\program files\arcgis\pro\Resources\ArcToolbox\Toolboxes\Data Management Tools.tbx\RemoveIndex" Date="20210603" Time="234707">RemoveIndex C:\ProgramData\Innovyze\Temp\IWPR10VDB\IWVDB14\JCTOUT.DBF ID</Process><Process ToolSource="c:\program files\arcgis\pro\Resources\ArcToolbox\Toolboxes\Data Management Tools.tbx\AddIndex" Date="20210603" Time="234707">AddIndex C:\ProgramData\Innovyze\Temp\IWPR10VDB\IWVDB14\JCTOUT.DBF ID # UNIQUE NON_ASCENDING</Process><Process ToolSource="c:\program files\arcgis\pro\Resources\ArcToolbox\Toolboxes\Data Management Tools.tbx\AddIndex" Date="20210603" Time="234904">AddIndex C:\ProgramData\Innovyze\Temp\IWPR10VDB\IWVDB14\JCTOUT.DBF ID # UNIQUE NON_ASCENDING</Process><Process ToolSource="c:\program files\arcgis\pro\Resources\ArcToolbox\Toolboxes\Data Management Tools.tbx\RemoveIndex" Date="20210603" Time="234909">RemoveIndex C:\ProgramData\Innovyze\Temp\IWPR10VDB\IWVDB14\JCTOUT.DBF ID</Process><Process ToolSource="c:\program files\arcgis\pro\Resources\ArcToolbox\Toolboxes\Data Management Tools.tbx\AddIndex" Date="20210603" Time="234909">AddIndex C:\ProgramData\Innovyze\Temp\IWPR10VDB\IWVDB14\JCTOUT.DBF ID # UNIQUE NON_ASCENDING</Process><Process ToolSource="c:\program files\arcgis\pro\Resources\ArcToolbox\Toolboxes\Data Management Tools.tbx\AddIndex" Date="20210603" Time="234948">AddIndex C:\ProgramData\Innovyze\Temp\IWPR10VDB\IWVDB14\JCTOUT.DBF ID # UNIQUE NON_ASCENDING</Process><Process ToolSource="c:\program files\arcgis\pro\Resources\ArcToolbox\Toolboxes\Data Management Tools.tbx\RemoveIndex" Date="20210603" Time="234953">RemoveIndex C:\ProgramData\Innovyze\Temp\IWPR10VDB\IWVDB14\JCTOUT.DBF ID</Process><Process ToolSource="c:\program files\arcgis\pro\Resources\ArcToolbox\Toolboxes\Data Management Tools.tbx\AddIndex" Date="20210603" Time="234954">AddIndex C:\ProgramData\Innovyze\Temp\IWPR10VDB\IWVDB14\JCTOUT.DBF ID # UNIQUE NON_ASCENDING</Process><Process ToolSource="c:\program files\arcgis\pro\Resources\ArcToolbox\Toolboxes\Data Management Tools.tbx\AddIndex" Date="20210603" Time="235737">AddIndex C:\ProgramData\Innovyze\Temp\IWPR10VDB\IWVDB14\JCTOUT.DBF ID # UNIQUE NON_ASCENDING</Process><Process ToolSource="c:\program files\arcgis\pro\Resources\ArcToolbox\Toolboxes\Data Management Tools.tbx\RemoveIndex" Date="20210603" Time="235743">RemoveIndex C:\ProgramData\Innovyze\Temp\IWPR10VDB\IWVDB14\JCTOUT.DBF ID</Process><Process ToolSource="c:\program files\arcgis\pro\Resources\ArcToolbox\Toolboxes\Data Management Tools.tbx\AddIndex" Date="20210603" Time="235743">AddIndex C:\ProgramData\Innovyze\Temp\IWPR10VDB\IWVDB14\JCTOUT.DBF ID # UNIQUE NON_ASCENDING</Process><Process ToolSource="c:\program files\arcgis\pro\Resources\ArcToolbox\Toolboxes\Data Management Tools.tbx\AddIndex" Date="20210618" Time="120312">AddIndex C:\ProgramData\Innovyze\Temp\IWPR10VDB\IWVDB14\JCTOUT.DBF ID # UNIQUE NON_ASCENDING</Process><Process ToolSource="c:\program files\arcgis\pro\Resources\ArcToolbox\Toolboxes\Data Management Tools.tbx\AddIndex" Date="20210816" Time="221412">AddIndex C:\ProgramData\Innovyze\Temp\IWPR10VDB\IWVDB17\JCTOUT.DBF ID # UNIQUE NON_ASCENDING</Process><Process ToolSource="c:\program files\arcgis\pro\Resources\ArcToolbox\Toolboxes\Data Management Tools.tbx\AddIndex" Date="20210816" Time="234833">AddIndex C:\ProgramData\Innovyze\Temp\IWPR10VDB\IWVDB17\JCTOUT.DBF ID # UNIQUE NON_ASCENDING</Process><Process ToolSource="c:\program files\arcgis\pro\Resources\ArcToolbox\Toolboxes\Data Management Tools.tbx\RemoveIndex" Date="20210816" Time="234857">RemoveIndex C:\ProgramData\Innovyze\Temp\IWPR10VDB\IWVDB17\JCTOUT.DBF ID</Process><Process ToolSource="c:\program files\arcgis\pro\Resources\ArcToolbox\Toolboxes\Data Management Tools.tbx\AddIndex" Date="20210816" Time="234857">AddIndex C:\ProgramData\Innovyze\Temp\IWPR10VDB\IWVDB17\JCTOUT.DBF ID # UNIQUE NON_ASCENDING</Process><Process ToolSource="c:\program files\arcgis\pro\Resources\ArcToolbox\Toolboxes\Data Management Tools.tbx\RemoveIndex" Date="20210816" Time="234904">RemoveIndex C:\ProgramData\Innovyze\Temp\IWPR10VDB\IWVDB17\JCTOUT.DBF ID</Process><Process ToolSource="c:\program files\arcgis\pro\Resources\ArcToolbox\Toolboxes\Data Management Tools.tbx\AddIndex" Date="20210816" Time="234904">AddIndex C:\ProgramData\Innovyze\Temp\IWPR10VDB\IWVDB17\JCTOUT.DBF ID # UNIQUE NON_ASCENDING</Process><Process ToolSource="c:\program files\arcgis\pro\Resources\ArcToolbox\Toolboxes\Data Management Tools.tbx\RemoveIndex" Date="20210816" Time="235232">RemoveIndex C:\ProgramData\Innovyze\Temp\IWPR10VDB\IWVDB17\JCTOUT.DBF ID</Process><Process ToolSource="c:\program files\arcgis\pro\Resources\ArcToolbox\Toolboxes\Data Management Tools.tbx\AddIndex" Date="20210816" Time="235232">AddIndex C:\ProgramData\Innovyze\Temp\IWPR10VDB\IWVDB17\JCTOUT.DBF ID # UNIQUE NON_ASCENDING</Process><Process ToolSource="c:\program files\arcgis\pro\Resources\ArcToolbox\Toolboxes\Data Management Tools.tbx\RemoveIndex" Date="20210816" Time="235337">RemoveIndex C:\ProgramData\Innovyze\Temp\IWPR10VDB\IWVDB17\JCTOUT.DBF ID</Process><Process ToolSource="c:\program files\arcgis\pro\Resources\ArcToolbox\Toolboxes\Data Management Tools.tbx\AddIndex" Date="20210816" Time="235337">AddIndex C:\ProgramData\Innovyze\Temp\IWPR10VDB\IWVDB17\JCTOUT.DBF ID # UNIQUE NON_ASCENDING</Process><Process ToolSource="c:\program files\arcgis\pro\Resources\ArcToolbox\Toolboxes\Data Management Tools.tbx\AddIndex" Date="20210817" Time="090241">AddIndex C:\ProgramData\Innovyze\Temp\IWPR10VDB\IWVDB17\JCTOUT.DBF ID # UNIQUE NON_ASCENDING</Process><Process ToolSource="c:\program files\arcgis\pro\Resources\ArcToolbox\Toolboxes\Data Management Tools.tbx\RemoveIndex" Date="20210817" Time="090348">RemoveIndex C:\ProgramData\Innovyze\Temp\IWPR10VDB\IWVDB17\JCTOUT.DBF ID</Process><Process ToolSource="c:\program files\arcgis\pro\Resources\ArcToolbox\Toolboxes\Data Management Tools.tbx\AddIndex" Date="20210817" Time="090348">AddIndex C:\ProgramData\Innovyze\Temp\IWPR10VDB\IWVDB17\JCTOUT.DBF ID # UNIQUE NON_ASCENDING</Process><Process ToolSource="c:\program files\arcgis\pro\Resources\ArcToolbox\Toolboxes\Data Management Tools.tbx\RemoveIndex" Date="20210817" Time="090911">RemoveIndex C:\ProgramData\Innovyze\Temp\IWPR10VDB\IWVDB17\JCTOUT.DBF ID</Process><Process ToolSource="c:\program files\arcgis\pro\Resources\ArcToolbox\Toolboxes\Data Management Tools.tbx\AddIndex" Date="20210817" Time="090912">AddIndex C:\ProgramData\Innovyze\Temp\IWPR10VDB\IWVDB17\JCTOUT.DBF ID # UNIQUE NON_ASCENDING</Process><Process ToolSource="c:\program files\arcgis\pro\Resources\ArcToolbox\Toolboxes\Data Management Tools.tbx\RemoveIndex" Date="20210817" Time="091123">RemoveIndex C:\ProgramData\Innovyze\Temp\IWPR10VDB\IWVDB17\JCTOUT.DBF ID</Process><Process ToolSource="c:\program files\arcgis\pro\Resources\ArcToolbox\Toolboxes\Data Management Tools.tbx\AddIndex" Date="20210817" Time="091124">AddIndex C:\ProgramData\Innovyze\Temp\IWPR10VDB\IWVDB17\JCTOUT.DBF ID # UNIQUE NON_ASCENDING</Process><Process ToolSource="c:\program files\arcgis\pro\Resources\ArcToolbox\Toolboxes\Data Management Tools.tbx\AddIndex" Date="20210817" Time="111923">AddIndex C:\ProgramData\Innovyze\Temp\IWPR10VDB\IWVDB17\JCTOUT.DBF ID # UNIQUE NON_ASCENDING</Process><Process ToolSource="c:\program files\arcgis\pro\Resources\ArcToolbox\Toolboxes\Data Management Tools.tbx\RemoveIndex" Date="20210817" Time="111924">RemoveIndex C:\ProgramData\Innovyze\Temp\IWPR10VDB\IWVDB17\JCTOUT.DBF ID</Process><Process ToolSource="c:\program files\arcgis\pro\Resources\ArcToolbox\Toolboxes\Data Management Tools.tbx\AddIndex" Date="20210817" Time="111927">AddIndex C:\ProgramData\Innovyze\Temp\IWPR10VDB\IWVDB17\JCTOUT.DBF ID # UNIQUE NON_ASCENDING</Process><Process ToolSource="c:\program files\arcgis\pro\Resources\ArcToolbox\Toolboxes\Data Management Tools.tbx\RemoveIndex" Date="20210817" Time="112438">RemoveIndex C:\ProgramData\Innovyze\Temp\IWPR10VDB\IWVDB17\JCTOUT.DBF ID</Process><Process ToolSource="c:\program files\arcgis\pro\Resources\ArcToolbox\Toolboxes\Data Management Tools.tbx\AddIndex" Date="20210817" Time="112438">AddIndex C:\ProgramData\Innovyze\Temp\IWPR10VDB\IWVDB17\JCTOUT.DBF ID # UNIQUE NON_ASCENDING</Process><Process ToolSource="c:\program files\arcgis\pro\Resources\ArcToolbox\Toolboxes\Data Management Tools.tbx\RemoveIndex" Date="20210817" Time="112705">RemoveIndex C:\ProgramData\Innovyze\Temp\IWPR10VDB\IWVDB17\JCTOUT.DBF ID</Process><Process ToolSource="c:\program files\arcgis\pro\Resources\ArcToolbox\Toolboxes\Data Management Tools.tbx\AddIndex" Date="20210817" Time="112706">AddIndex C:\ProgramData\Innovyze\Temp\IWPR10VDB\IWVDB17\JCTOUT.DBF ID # UNIQUE NON_ASCENDING</Process><Process ToolSource="c:\program files\arcgis\pro\Resources\ArcToolbox\Toolboxes\Data Management Tools.tbx\AddIndex" Date="20210901" Time="161715">AddIndex C:\ProgramData\Innovyze\Temp\IWPR10VDB\IWVDB17\JCTOUT.DBF ID # UNIQUE NON_ASCENDING</Process><Process ToolSource="c:\program files\arcgis\pro\Resources\ArcToolbox\Toolboxes\Data Management Tools.tbx\RemoveIndex" Date="20210901" Time="171252">RemoveIndex C:\ProgramData\Innovyze\Temp\IWPR10VDB\IWVDB17\JCTOUT.DBF ID</Process><Process ToolSource="c:\program files\arcgis\pro\Resources\ArcToolbox\Toolboxes\Data Management Tools.tbx\AddIndex" Date="20210901" Time="171252">AddIndex C:\ProgramData\Innovyze\Temp\IWPR10VDB\IWVDB17\JCTOUT.DBF ID # UNIQUE NON_ASCENDING</Process><Process ToolSource="c:\program files\arcgis\pro\Resources\ArcToolbox\Toolboxes\Data Management Tools.tbx\RemoveIndex" Date="20210901" Time="172046">RemoveIndex C:\ProgramData\Innovyze\Temp\IWPR10VDB\IWVDB17\JCTOUT.DBF ID</Process><Process ToolSource="c:\program files\arcgis\pro\Resources\ArcToolbox\Toolboxes\Data Management Tools.tbx\AddIndex" Date="20210901" Time="172047">AddIndex C:\ProgramData\Innovyze\Temp\IWPR10VDB\IWVDB17\JCTOUT.DBF ID # UNIQUE NON_ASCENDING</Process><Process ToolSource="c:\program files\arcgis\pro\Resources\ArcToolbox\Toolboxes\Data Management Tools.tbx\RemoveIndex" Date="20210907" Time="133025">RemoveIndex C:\ProgramData\Innovyze\Temp\IWPR10VDB\IWVDB19\JCTOUT.DBF ID</Process><Process ToolSource="c:\program files\arcgis\pro\Resources\ArcToolbox\Toolboxes\Data Management Tools.tbx\AddIndex" Date="20210907" Time="133025">AddIndex C:\ProgramData\Innovyze\Temp\IWPR10VDB\IWVDB19\JCTOUT.DBF ID # UNIQUE NON_ASCENDING</Process><Process ToolSource="c:\program files\arcgis\pro\Resources\ArcToolbox\Toolboxes\Data Management Tools.tbx\AddIndex" Date="20210907" Time="133033">AddIndex C:\ProgramData\Innovyze\Temp\IWPR10VDB\IWVDB19\JCTOUT.DBF ID # UNIQUE NON_ASCENDING</Process><Process ToolSource="c:\program files\arcgis\pro\Resources\ArcToolbox\Toolboxes\Data Management Tools.tbx\AddIndex" Date="20210907" Time="133033">AddIndex C:\ProgramData\Innovyze\Temp\IWPR10VDB\IWVDB19\JCTOUT.DBF ID # UNIQUE NON_ASCENDING</Process><Process ToolSource="c:\program files\arcgis\pro\Resources\ArcToolbox\Toolboxes\Data Management Tools.tbx\RemoveIndex" Date="20210907" Time="133038">RemoveIndex C:\ProgramData\Innovyze\Temp\IWPR10VDB\IWVDB19\JCTOUT.DBF ID</Process><Process ToolSource="c:\program files\arcgis\pro\Resources\ArcToolbox\Toolboxes\Data Management Tools.tbx\AddIndex" Date="20210907" Time="133039">AddIndex C:\ProgramData\Innovyze\Temp\IWPR10VDB\IWVDB19\JCTOUT.DBF ID # UNIQUE NON_ASCENDING</Process><Process ToolSource="c:\program files\arcgis\pro\Resources\ArcToolbox\Toolboxes\Data Management Tools.tbx\AddIndex" Date="20210907" Time="133044">AddIndex C:\ProgramData\Innovyze\Temp\IWPR10VDB\IWVDB19\JCTOUT.DBF ID # UNIQUE NON_ASCENDING</Process><Process ToolSource="c:\program files\arcgis\pro\Resources\ArcToolbox\Toolboxes\Data Management Tools.tbx\AddIndex" Date="20210907" Time="133044">AddIndex C:\ProgramData\Innovyze\Temp\IWPR10VDB\IWVDB19\JCTOUT.DBF ID # UNIQUE NON_ASCENDING</Process><Process ToolSource="c:\program files\arcgis\pro\Resources\ArcToolbox\Toolboxes\Data Management Tools.tbx\AddIndex" Date="20210907" Time="133044">AddIndex C:\ProgramData\Innovyze\Temp\IWPR10VDB\IWVDB19\JCTOUT.DBF ID # UNIQUE NON_ASCENDING</Process><Process ToolSource="c:\program files\arcgis\pro\Resources\ArcToolbox\Toolboxes\Data Management Tools.tbx\AddIndex" Date="20210907" Time="133044">AddIndex C:\ProgramData\Innovyze\Temp\IWPR10VDB\IWVDB19\JCTOUT.DBF ID # UNIQUE NON_ASCENDING</Process><Process ToolSource="c:\program files\arcgis\pro\Resources\ArcToolbox\Toolboxes\Data Management Tools.tbx\AddIndex" Date="20210907" Time="133045">AddIndex C:\ProgramData\Innovyze\Temp\IWPR10VDB\IWVDB19\JCTOUT.DBF ID # UNIQUE NON_ASCENDING</Process><Process ToolSource="c:\program files\arcgis\pro\Resources\ArcToolbox\Toolboxes\Data Management Tools.tbx\AddIndex" Date="20210907" Time="133045">AddIndex C:\ProgramData\Innovyze\Temp\IWPR10VDB\IWVDB19\JCTOUT.DBF ID # UNIQUE NON_ASCENDING</Process><Process ToolSource="c:\program files\arcgis\pro\Resources\ArcToolbox\Toolboxes\Data Management Tools.tbx\AddIndex" Date="20210907" Time="133045">AddIndex C:\ProgramData\Innovyze\Temp\IWPR10VDB\IWVDB19\JCTOUT.DBF ID # UNIQUE NON_ASCENDING</Process><Process ToolSource="c:\program files\arcgis\pro\Resources\ArcToolbox\Toolboxes\Data Management Tools.tbx\AddIndex" Date="20210907" Time="133045">AddIndex C:\ProgramData\Innovyze\Temp\IWPR10VDB\IWVDB19\JCTOUT.DBF ID # UNIQUE NON_ASCENDING</Process><Process ToolSource="c:\program files\arcgis\pro\Resources\ArcToolbox\Toolboxes\Data Management Tools.tbx\AddIndex" Date="20210907" Time="133046">AddIndex C:\ProgramData\Innovyze\Temp\IWPR10VDB\IWVDB19\JCTOUT.DBF ID # UNIQUE NON_ASCENDING</Process><Process ToolSource="c:\program files\arcgis\pro\Resources\ArcToolbox\Toolboxes\Data Management Tools.tbx\AddIndex" Date="20210907" Time="133046">AddIndex C:\ProgramData\Innovyze\Temp\IWPR10VDB\IWVDB19\JCTOUT.DBF ID # UNIQUE NON_ASCENDING</Process><Process ToolSource="c:\program files\arcgis\pro\Resources\ArcToolbox\Toolboxes\Data Management Tools.tbx\RemoveIndex" Date="20210907" Time="134411">RemoveIndex C:\ProgramData\Innovyze\Temp\IWPR10VDB\IWVDB19\JCTOUT.DBF ID</Process><Process ToolSource="c:\program files\arcgis\pro\Resources\ArcToolbox\Toolboxes\Data Management Tools.tbx\AddIndex" Date="20210907" Time="134411">AddIndex C:\ProgramData\Innovyze\Temp\IWPR10VDB\IWVDB19\JCTOUT.DBF ID # UNIQUE NON_ASCENDING</Process><Process ToolSource="c:\program files\arcgis\pro\Resources\ArcToolbox\Toolboxes\Data Management Tools.tbx\AddIndex" Date="20210907" Time="134416">AddIndex C:\ProgramData\Innovyze\Temp\IWPR10VDB\IWVDB19\JCTOUT.DBF ID # UNIQUE NON_ASCENDING</Process><Process ToolSource="c:\program files\arcgis\pro\Resources\ArcToolbox\Toolboxes\Data Management Tools.tbx\AddIndex" Date="20210907" Time="134417">AddIndex C:\ProgramData\Innovyze\Temp\IWPR10VDB\IWVDB19\JCTOUT.DBF ID # UNIQUE NON_ASCENDING</Process><Process ToolSource="c:\program files\arcgis\pro\Resources\ArcToolbox\Toolboxes\Data Management Tools.tbx\RemoveIndex" Date="20210907" Time="134431">RemoveIndex C:\ProgramData\Innovyze\Temp\IWPR10VDB\IWVDB19\JCTOUT.DBF ID</Process><Process ToolSource="c:\program files\arcgis\pro\Resources\ArcToolbox\Toolboxes\Data Management Tools.tbx\AddIndex" Date="20210907" Time="134431">AddIndex C:\ProgramData\Innovyze\Temp\IWPR10VDB\IWVDB19\JCTOUT.DBF ID # UNIQUE NON_ASCENDING</Process><Process ToolSource="c:\program files\arcgis\pro\Resources\ArcToolbox\Toolboxes\Data Management Tools.tbx\AddIndex" Date="20210907" Time="134436">AddIndex C:\ProgramData\Innovyze\Temp\IWPR10VDB\IWVDB19\JCTOUT.DBF ID # UNIQUE NON_ASCENDING</Process><Process ToolSource="c:\program files\arcgis\pro\Resources\ArcToolbox\Toolboxes\Data Management Tools.tbx\AddIndex" Date="20210907" Time="134436">AddIndex C:\ProgramData\Innovyze\Temp\IWPR10VDB\IWVDB19\JCTOUT.DBF ID # UNIQUE NON_ASCENDING</Process><Process ToolSource="c:\program files\arcgis\pro\Resources\ArcToolbox\Toolboxes\Data Management Tools.tbx\AddIndex" Date="20210907" Time="134436">AddIndex C:\ProgramData\Innovyze\Temp\IWPR10VDB\IWVDB19\JCTOUT.DBF ID # UNIQUE NON_ASCENDING</Process><Process ToolSource="c:\program files\arcgis\pro\Resources\ArcToolbox\Toolboxes\Data Management Tools.tbx\AddIndex" Date="20210907" Time="134436">AddIndex C:\ProgramData\Innovyze\Temp\IWPR10VDB\IWVDB19\JCTOUT.DBF ID # UNIQUE NON_ASCENDING</Process><Process ToolSource="c:\program files\arcgis\pro\Resources\ArcToolbox\Toolboxes\Data Management Tools.tbx\AddIndex" Date="20210907" Time="134437">AddIndex C:\ProgramData\Innovyze\Temp\IWPR10VDB\IWVDB19\JCTOUT.DBF ID # UNIQUE NON_ASCENDING</Process><Process ToolSource="c:\program files\arcgis\pro\Resources\ArcToolbox\Toolboxes\Data Management Tools.tbx\AddIndex" Date="20210907" Time="134437">AddIndex C:\ProgramData\Innovyze\Temp\IWPR10VDB\IWVDB19\JCTOUT.DBF ID # UNIQUE NON_ASCENDING</Process><Process ToolSource="c:\program files\arcgis\pro\Resources\ArcToolbox\Toolboxes\Data Management Tools.tbx\AddIndex" Date="20210907" Time="134437">AddIndex C:\ProgramData\Innovyze\Temp\IWPR10VDB\IWVDB19\JCTOUT.DBF ID # UNIQUE NON_ASCENDING</Process><Process ToolSource="c:\program files\arcgis\pro\Resources\ArcToolbox\Toolboxes\Data Management Tools.tbx\AddIndex" Date="20210907" Time="134437">AddIndex C:\ProgramData\Innovyze\Temp\IWPR10VDB\IWVDB19\JCTOUT.DBF ID # UNIQUE NON_ASCENDING</Process><Process ToolSource="c:\program files\arcgis\pro\Resources\ArcToolbox\Toolboxes\Data Management Tools.tbx\AddIndex" Date="20210907" Time="134437">AddIndex C:\ProgramData\Innovyze\Temp\IWPR10VDB\IWVDB19\JCTOUT.DBF ID # UNIQUE NON_ASCENDING</Process><Process ToolSource="c:\program files\arcgis\pro\Resources\ArcToolbox\Toolboxes\Data Management Tools.tbx\AddIndex" Date="20210907" Time="134438">AddIndex C:\ProgramData\Innovyze\Temp\IWPR10VDB\IWVDB19\JCTOUT.DBF ID # UNIQUE NON_ASCENDING</Process><Process ToolSource="c:\program files\arcgis\pro\Resources\ArcToolbox\Toolboxes\Data Management Tools.tbx\RemoveIndex" Date="20210907" Time="144746">RemoveIndex C:\ProgramData\Innovyze\Temp\IWPR10VDB\IWVDB19\JCTOUT.DBF ID</Process><Process ToolSource="c:\program files\arcgis\pro\Resources\ArcToolbox\Toolboxes\Data Management Tools.tbx\AddIndex" Date="20210907" Time="144747">AddIndex C:\ProgramData\Innovyze\Temp\IWPR10VDB\IWVDB19\JCTOUT.DBF ID # UNIQUE NON_ASCENDING</Process><Process ToolSource="c:\program files\arcgis\pro\Resources\ArcToolbox\Toolboxes\Data Management Tools.tbx\AddIndex" Date="20210907" Time="144758">AddIndex C:\ProgramData\Innovyze\Temp\IWPR10VDB\IWVDB19\JCTOUT.DBF ID # UNIQUE NON_ASCENDING</Process><Process ToolSource="c:\program files\arcgis\pro\Resources\ArcToolbox\Toolboxes\Data Management Tools.tbx\AddIndex" Date="20210907" Time="144759">AddIndex C:\ProgramData\Innovyze\Temp\IWPR10VDB\IWVDB19\JCTOUT.DBF ID # UNIQUE NON_ASCENDING</Process><Process ToolSource="c:\program files\arcgis\pro\Resources\ArcToolbox\Toolboxes\Data Management Tools.tbx\RemoveIndex" Date="20210907" Time="145002">RemoveIndex C:\ProgramData\Innovyze\Temp\IWPR10VDB\IWVDB19\JCTOUT.DBF ID</Process><Process ToolSource="c:\program files\arcgis\pro\Resources\ArcToolbox\Toolboxes\Data Management Tools.tbx\AddIndex" Date="20210907" Time="145003">AddIndex C:\ProgramData\Innovyze\Temp\IWPR10VDB\IWVDB19\JCTOUT.DBF ID # UNIQUE NON_ASCENDING</Process><Process ToolSource="c:\program files\arcgis\pro\Resources\ArcToolbox\Toolboxes\Data Management Tools.tbx\AddIndex" Date="20210907" Time="145012">AddIndex C:\ProgramData\Innovyze\Temp\IWPR10VDB\IWVDB19\JCTOUT.DBF ID # UNIQUE NON_ASCENDING</Process><Process ToolSource="c:\program files\arcgis\pro\Resources\ArcToolbox\Toolboxes\Data Management Tools.tbx\AddIndex" Date="20210907" Time="145013">AddIndex C:\ProgramData\Innovyze\Temp\IWPR10VDB\IWVDB19\JCTOUT.DBF ID # UNIQUE NON_ASCENDING</Process><Process ToolSource="c:\program files\arcgis\pro\Resources\ArcToolbox\Toolboxes\Data Management Tools.tbx\AddIndex" Date="20210907" Time="145013">AddIndex C:\ProgramData\Innovyze\Temp\IWPR10VDB\IWVDB19\JCTOUT.DBF ID # UNIQUE NON_ASCENDING</Process><Process ToolSource="c:\program files\arcgis\pro\Resources\ArcToolbox\Toolboxes\Data Management Tools.tbx\AddIndex" Date="20210907" Time="145013">AddIndex C:\ProgramData\Innovyze\Temp\IWPR10VDB\IWVDB19\JCTOUT.DBF ID # UNIQUE NON_ASCENDING</Process><Process ToolSource="c:\program files\arcgis\pro\Resources\ArcToolbox\Toolboxes\Data Management Tools.tbx\AddIndex" Date="20210907" Time="145014">AddIndex C:\ProgramData\Innovyze\Temp\IWPR10VDB\IWVDB19\JCTOUT.DBF ID # UNIQUE NON_ASCENDING</Process><Process ToolSource="c:\program files\arcgis\pro\Resources\ArcToolbox\Toolboxes\Data Management Tools.tbx\AddIndex" Date="20210907" Time="145014">AddIndex C:\ProgramData\Innovyze\Temp\IWPR10VDB\IWVDB19\JCTOUT.DBF ID # UNIQUE NON_ASCENDING</Process><Process ToolSource="c:\program files\arcgis\pro\Resources\ArcToolbox\Toolboxes\Data Management Tools.tbx\AddIndex" Date="20210907" Time="145014">AddIndex C:\ProgramData\Innovyze\Temp\IWPR10VDB\IWVDB19\JCTOUT.DBF ID # UNIQUE NON_ASCENDING</Process><Process ToolSource="c:\program files\arcgis\pro\Resources\ArcToolbox\Toolboxes\Data Management Tools.tbx\AddIndex" Date="20210907" Time="145015">AddIndex C:\ProgramData\Innovyze\Temp\IWPR10VDB\IWVDB19\JCTOUT.DBF ID # UNIQUE NON_ASCENDING</Process><Process ToolSource="c:\program files\arcgis\pro\Resources\ArcToolbox\Toolboxes\Data Management Tools.tbx\AddIndex" Date="20210907" Time="145015">AddIndex C:\ProgramData\Innovyze\Temp\IWPR10VDB\IWVDB19\JCTOUT.DBF ID # UNIQUE NON_ASCENDING</Process><Process ToolSource="c:\program files\arcgis\pro\Resources\ArcToolbox\Toolboxes\Data Management Tools.tbx\AddIndex" Date="20210907" Time="145015">AddIndex C:\ProgramData\Innovyze\Temp\IWPR10VDB\IWVDB19\JCTOUT.DBF ID # UNIQUE NON_ASCENDING</Process><Process ToolSource="c:\program files\arcgis\pro\Resources\ArcToolbox\toolboxes\Data Management Tools.tbx\RemoveIndex" Date="20210907" Time="152348">RemoveIndex C:\ProgramData\Innovyze\Temp\IWPR10VDB\IWVDB19\JCTOUT.DBF ID</Process><Process ToolSource="c:\program files\arcgis\pro\Resources\ArcToolbox\toolboxes\Data Management Tools.tbx\AddIndex" Date="20210907" Time="152348">AddIndex C:\ProgramData\Innovyze\Temp\IWPR10VDB\IWVDB19\JCTOUT.DBF ID # UNIQUE NON_ASCENDING</Process><Process ToolSource="c:\program files\arcgis\pro\Resources\ArcToolbox\toolboxes\Data Management Tools.tbx\RemoveIndex" Date="20210907" Time="152353">RemoveIndex C:\ProgramData\Innovyze\Temp\IWPR10VDB\IWVDB19\JCTOUT.DBF ID</Process><Process ToolSource="c:\program files\arcgis\pro\Resources\ArcToolbox\toolboxes\Data Management Tools.tbx\AddIndex" Date="20210907" Time="152354">AddIndex C:\ProgramData\Innovyze\Temp\IWPR10VDB\IWVDB19\JCTOUT.DBF ID # UNIQUE NON_ASCENDING</Process><Process ToolSource="c:\program files\arcgis\pro\Resources\ArcToolbox\toolboxes\Data Management Tools.tbx\AddIndex" Date="20210907" Time="152354">AddIndex C:\ProgramData\Innovyze\Temp\IWPR10VDB\IWVDB19\JCTOUT.DBF ID # UNIQUE NON_ASCENDING</Process><Process ToolSource="c:\program files\arcgis\pro\Resources\ArcToolbox\toolboxes\Data Management Tools.tbx\RemoveIndex" Date="20210907" Time="153118">RemoveIndex C:\ProgramData\Innovyze\Temp\IWPR10VDB\IWVDB19\JCTOUT.DBF ID</Process><Process ToolSource="c:\program files\arcgis\pro\Resources\ArcToolbox\toolboxes\Data Management Tools.tbx\AddIndex" Date="20210907" Time="153118">AddIndex C:\ProgramData\Innovyze\Temp\IWPR10VDB\IWVDB19\JCTOUT.DBF ID # UNIQUE NON_ASCENDING</Process><Process ToolSource="c:\program files\arcgis\pro\Resources\ArcToolbox\toolboxes\Data Management Tools.tbx\RemoveIndex" Date="20210907" Time="153137">RemoveIndex C:\ProgramData\Innovyze\Temp\IWPR10VDB\IWVDB19\JCTOUT.DBF ID</Process><Process ToolSource="c:\program files\arcgis\pro\Resources\ArcToolbox\toolboxes\Data Management Tools.tbx\AddIndex" Date="20210907" Time="153138">AddIndex C:\ProgramData\Innovyze\Temp\IWPR10VDB\IWVDB19\JCTOUT.DBF ID # UNIQUE NON_ASCENDING</Process><Process ToolSource="c:\program files\arcgis\pro\Resources\ArcToolbox\toolboxes\Data Management Tools.tbx\RemoveIndex" Date="20210907" Time="153203">RemoveIndex C:\ProgramData\Innovyze\Temp\IWPR10VDB\IWVDB19\JCTOUT.DBF ID</Process><Process ToolSource="c:\program files\arcgis\pro\Resources\ArcToolbox\toolboxes\Data Management Tools.tbx\AddIndex" Date="20210907" Time="153203">AddIndex C:\ProgramData\Innovyze\Temp\IWPR10VDB\IWVDB19\JCTOUT.DBF ID # UNIQUE NON_ASCENDING</Process><Process ToolSource="c:\program files\arcgis\pro\Resources\ArcToolbox\toolboxes\Data Management Tools.tbx\RemoveIndex" Date="20210907" Time="153319">RemoveIndex C:\ProgramData\Innovyze\Temp\IWPR10VDB\IWVDB19\JCTOUT.DBF ID</Process><Process ToolSource="c:\program files\arcgis\pro\Resources\ArcToolbox\toolboxes\Data Management Tools.tbx\AddIndex" Date="20210907" Time="153320">AddIndex C:\ProgramData\Innovyze\Temp\IWPR10VDB\IWVDB19\JCTOUT.DBF ID # UNIQUE NON_ASCENDING</Process><Process ToolSource="c:\program files\arcgis\pro\Resources\ArcToolbox\toolboxes\Data Management Tools.tbx\RemoveIndex" Date="20210907" Time="153823">RemoveIndex C:\ProgramData\Innovyze\Temp\IWPR10VDB\IWVDB19\JCTOUT.DBF ID</Process><Process ToolSource="c:\program files\arcgis\pro\Resources\ArcToolbox\toolboxes\Data Management Tools.tbx\AddIndex" Date="20210907" Time="153823">AddIndex C:\ProgramData\Innovyze\Temp\IWPR10VDB\IWVDB19\JCTOUT.DBF ID # UNIQUE NON_ASCENDING</Process><Process ToolSource="c:\program files\arcgis\pro\Resources\ArcToolbox\toolboxes\Data Management Tools.tbx\RemoveIndex" Date="20210907" Time="153912">RemoveIndex C:\ProgramData\Innovyze\Temp\IWPR10VDB\IWVDB19\JCTOUT.DBF ID</Process><Process ToolSource="c:\program files\arcgis\pro\Resources\ArcToolbox\toolboxes\Data Management Tools.tbx\AddIndex" Date="20210907" Time="153913">AddIndex C:\ProgramData\Innovyze\Temp\IWPR10VDB\IWVDB19\JCTOUT.DBF ID # UNIQUE NON_ASCENDING</Process><Process ToolSource="c:\program files\arcgis\pro\Resources\ArcToolbox\toolboxes\Data Management Tools.tbx\RemoveIndex" Date="20210907" Time="154158">RemoveIndex C:\ProgramData\Innovyze\Temp\IWPR10VDB\IWVDB19\JCTOUT.DBF ID</Process><Process ToolSource="c:\program files\arcgis\pro\Resources\ArcToolbox\toolboxes\Data Management Tools.tbx\AddIndex" Date="20210907" Time="154158">AddIndex C:\ProgramData\Innovyze\Temp\IWPR10VDB\IWVDB19\JCTOUT.DBF ID # UNIQUE NON_ASCENDING</Process><Process ToolSource="c:\program files\arcgis\pro\Resources\ArcToolbox\toolboxes\Data Management Tools.tbx\RemoveIndex" Date="20210907" Time="154245">RemoveIndex C:\ProgramData\Innovyze\Temp\IWPR10VDB\IWVDB19\JCTOUT.DBF ID</Process><Process ToolSource="c:\program files\arcgis\pro\Resources\ArcToolbox\toolboxes\Data Management Tools.tbx\AddIndex" Date="20210907" Time="154246">AddIndex C:\ProgramData\Innovyze\Temp\IWPR10VDB\IWVDB19\JCTOUT.DBF ID # UNIQUE NON_ASCENDING</Process><Process ToolSource="c:\program files\arcgis\pro\Resources\ArcToolbox\toolboxes\Data Management Tools.tbx\RemoveIndex" Date="20210907" Time="154356">RemoveIndex C:\ProgramData\Innovyze\Temp\IWPR10VDB\IWVDB19\JCTOUT.DBF ID</Process><Process ToolSource="c:\program files\arcgis\pro\Resources\ArcToolbox\toolboxes\Data Management Tools.tbx\AddIndex" Date="20210907" Time="154357">AddIndex C:\ProgramData\Innovyze\Temp\IWPR10VDB\IWVDB19\JCTOUT.DBF ID # UNIQUE NON_ASCENDING</Process><Process ToolSource="c:\program files\arcgis\pro\Resources\ArcToolbox\Toolboxes\Data Management Tools.tbx\RemoveIndex" Date="20211103" Time="135840">RemoveIndex C:\ProgramData\Innovyze\Temp\IWPR10VDB\IWVDB16\JCTOUT.DBF ID</Process><Process ToolSource="c:\program files\arcgis\pro\Resources\ArcToolbox\Toolboxes\Data Management Tools.tbx\AddIndex" Date="20211103" Time="135840">AddIndex C:\ProgramData\Innovyze\Temp\IWPR10VDB\IWVDB16\JCTOUT.DBF ID # UNIQUE NON_ASCENDING</Process><Process ToolSource="c:\program files\arcgis\pro\Resources\ArcToolbox\Toolboxes\Data Management Tools.tbx\RemoveIndex" Date="20211103" Time="140015">RemoveIndex C:\ProgramData\Innovyze\Temp\IWPR10VDB\IWVDB16\JCTOUT.DBF ID</Process><Process ToolSource="c:\program files\arcgis\pro\Resources\ArcToolbox\Toolboxes\Data Management Tools.tbx\AddIndex" Date="20211103" Time="140016">AddIndex C:\ProgramData\Innovyze\Temp\IWPR10VDB\IWVDB16\JCTOUT.DBF ID # UNIQUE NON_ASCENDING</Process><Process ToolSource="c:\program files\arcgis\pro\Resources\ArcToolbox\Toolboxes\Data Management Tools.tbx\AddIndex" Date="20211103" Time="140445">AddIndex C:\ProgramData\Innovyze\Temp\IWPR10VDB\IWVDB16\JCTOUT.DBF ID # UNIQUE NON_ASCENDING</Process><Process ToolSource="c:\program files\arcgis\pro\Resources\ArcToolbox\Toolboxes\Data Management Tools.tbx\RemoveIndex" Date="20211103" Time="140448">RemoveIndex C:\ProgramData\Innovyze\Temp\IWPR10VDB\IWVDB16\JCTOUT.DBF ID</Process><Process ToolSource="c:\program files\arcgis\pro\Resources\ArcToolbox\Toolboxes\Data Management Tools.tbx\AddIndex" Date="20211103" Time="140449">AddIndex C:\ProgramData\Innovyze\Temp\IWPR10VDB\IWVDB16\JCTOUT.DBF ID # UNIQUE NON_ASCENDING</Process><Process ToolSource="c:\program files\arcgis\pro\Resources\ArcToolbox\Toolboxes\Data Management Tools.tbx\AddIndex" Date="20211103" Time="140801">AddIndex C:\ProgramData\Innovyze\Temp\IWPR10VDB\IWVDB16\JCTOUT.DBF ID # UNIQUE NON_ASCENDING</Process><Process ToolSource="c:\program files\arcgis\pro\Resources\ArcToolbox\Toolboxes\Data Management Tools.tbx\RemoveIndex" Date="20211103" Time="140803">RemoveIndex C:\ProgramData\Innovyze\Temp\IWPR10VDB\IWVDB16\JCTOUT.DBF ID</Process><Process ToolSource="c:\program files\arcgis\pro\Resources\ArcToolbox\Toolboxes\Data Management Tools.tbx\AddIndex" Date="20211103" Time="140803">AddIndex C:\ProgramData\Innovyze\Temp\IWPR10VDB\IWVDB16\JCTOUT.DBF ID # UNIQUE NON_ASCENDING</Process><Process ToolSource="c:\program files\arcgis\pro\Resources\ArcToolbox\Toolboxes\Data Management Tools.tbx\AddIndex" Date="20211103" Time="144148">AddIndex C:\ProgramData\Innovyze\Temp\IWPR10VDB\IWVDB16\JCTOUT.DBF ID # UNIQUE NON_ASCENDING</Process><Process ToolSource="c:\program files\arcgis\pro\Resources\ArcToolbox\Toolboxes\Data Management Tools.tbx\RemoveIndex" Date="20211103" Time="144149">RemoveIndex C:\ProgramData\Innovyze\Temp\IWPR10VDB\IWVDB16\JCTOUT.DBF ID</Process><Process ToolSource="c:\program files\arcgis\pro\Resources\ArcToolbox\Toolboxes\Data Management Tools.tbx\AddIndex" Date="20211103" Time="144150">AddIndex C:\ProgramData\Innovyze\Temp\IWPR10VDB\IWVDB16\JCTOUT.DBF ID # UNIQUE NON_ASCENDING</Process><Process ToolSource="c:\program files\arcgis\pro\Resources\ArcToolbox\Toolboxes\Data Management Tools.tbx\RemoveIndex" Date="20211103" Time="145137">RemoveIndex C:\ProgramData\Innovyze\Temp\IWPR10VDB\IWVDB16\JCTOUT.DBF ID</Process><Process ToolSource="c:\program files\arcgis\pro\Resources\ArcToolbox\Toolboxes\Data Management Tools.tbx\AddIndex" Date="20211103" Time="145137">AddIndex C:\ProgramData\Innovyze\Temp\IWPR10VDB\IWVDB16\JCTOUT.DBF ID # UNIQUE NON_ASCENDING</Process><Process ToolSource="c:\program files\arcgis\pro\Resources\ArcToolbox\Toolboxes\Data Management Tools.tbx\AddIndex" Date="20211103" Time="223929">AddIndex C:\ProgramData\Innovyze\Temp\IWPR10VDB\IWVDB16\JCTOUT.DBF ID # UNIQUE NON_ASCENDING</Process><Process ToolSource="c:\program files\arcgis\pro\Resources\ArcToolbox\Toolboxes\Data Management Tools.tbx\RemoveIndex" Date="20211103" Time="223931">RemoveIndex C:\ProgramData\Innovyze\Temp\IWPR10VDB\IWVDB16\JCTOUT.DBF ID</Process><Process ToolSource="c:\program files\arcgis\pro\Resources\ArcToolbox\Toolboxes\Data Management Tools.tbx\AddIndex" Date="20211103" Time="223931">AddIndex C:\ProgramData\Innovyze\Temp\IWPR10VDB\IWVDB16\JCTOUT.DBF ID # UNIQUE NON_ASCENDING</Process><Process ToolSource="c:\program files\arcgis\pro\Resources\ArcToolbox\Toolboxes\Data Management Tools.tbx\AddIndex" Date="20220413" Time="230609">AddIndex C:\ProgramData\Innovyze\Temp\IWPR10VDB\IWVDB28\JCTOUT.DBF ID # UNIQUE NON_ASCENDING</Process><Process ToolSource="c:\program files\arcgis\pro\Resources\ArcToolbox\Toolboxes\Data Management Tools.tbx\AddIndex" Date="20220413" Time="230610">AddIndex C:\ProgramData\Innovyze\Temp\IWPR10VDB\IWVDB28\JCTOUT.DBF ID # UNIQUE NON_ASCENDING</Process><Process ToolSource="c:\program files\arcgis\pro\Resources\ArcToolbox\Toolboxes\Data Management Tools.tbx\AddIndex" Date="20220414" Time="001218">AddIndex C:\ProgramData\Innovyze\Temp\IWPR10VDB\IWVDB28\JCTOUT.DBF ID # UNIQUE NON_ASCENDING</Process><Process ToolSource="c:\program files\arcgis\pro\Resources\ArcToolbox\Toolboxes\Data Management Tools.tbx\RemoveIndex" Date="20220414" Time="001221">RemoveIndex C:\ProgramData\Innovyze\Temp\IWPR10VDB\IWVDB28\JCTOUT.DBF ID</Process><Process ToolSource="c:\program files\arcgis\pro\Resources\ArcToolbox\Toolboxes\Data Management Tools.tbx\AddIndex" Date="20220414" Time="001221">AddIndex C:\ProgramData\Innovyze\Temp\IWPR10VDB\IWVDB28\JCTOUT.DBF ID # UNIQUE NON_ASCENDING</Process><Process ToolSource="c:\program files\arcgis\pro\Resources\ArcToolbox\Toolboxes\Data Management Tools.tbx\RemoveIndex" Date="20220414" Time="001226">RemoveIndex C:\ProgramData\Innovyze\Temp\IWPR10VDB\IWVDB28\JCTOUT.DBF ID</Process><Process ToolSource="c:\program files\arcgis\pro\Resources\ArcToolbox\Toolboxes\Data Management Tools.tbx\AddIndex" Date="20220414" Time="001227">AddIndex C:\ProgramData\Innovyze\Temp\IWPR10VDB\IWVDB28\JCTOUT.DBF ID # UNIQUE NON_ASCENDING</Process><Process ToolSource="c:\program files\arcgis\pro\Resources\ArcToolbox\Toolboxes\Data Management Tools.tbx\AddIndex" Date="20220414" Time="001348">AddIndex C:\ProgramData\Innovyze\Temp\IWPR10VDB\IWVDB28\JCTOUT.DBF ID # UNIQUE NON_ASCENDING</Process><Process ToolSource="c:\program files\arcgis\pro\Resources\ArcToolbox\Toolboxes\Data Management Tools.tbx\RemoveIndex" Date="20220414" Time="001350">RemoveIndex C:\ProgramData\Innovyze\Temp\IWPR10VDB\IWVDB28\JCTOUT.DBF ID</Process><Process ToolSource="c:\program files\arcgis\pro\Resources\ArcToolbox\Toolboxes\Data Management Tools.tbx\AddIndex" Date="20220414" Time="001350">AddIndex C:\ProgramData\Innovyze\Temp\IWPR10VDB\IWVDB28\JCTOUT.DBF ID # UNIQUE NON_ASCENDING</Process><Process ToolSource="c:\program files\arcgis\pro\Resources\ArcToolbox\Toolboxes\Data Management Tools.tbx\RemoveIndex" Date="20220414" Time="001925">RemoveIndex C:\ProgramData\Innovyze\Temp\IWPR10VDB\IWVDB28\JCTOUT.DBF ID</Process><Process ToolSource="c:\program files\arcgis\pro\Resources\ArcToolbox\Toolboxes\Data Management Tools.tbx\AddIndex" Date="20220414" Time="001925">AddIndex C:\ProgramData\Innovyze\Temp\IWPR10VDB\IWVDB28\JCTOUT.DBF ID # UNIQUE NON_ASCENDING</Process><Process ToolSource="c:\program files\arcgis\pro\Resources\ArcToolbox\Toolboxes\Data Management Tools.tbx\AddIndex" Date="20220414" Time="002554">AddIndex C:\ProgramData\Innovyze\Temp\IWPR10VDB\IWVDB28\JCTOUT.DBF ID # UNIQUE NON_ASCENDING</Process><Process ToolSource="c:\program files\arcgis\pro\Resources\ArcToolbox\Toolboxes\Data Management Tools.tbx\AddIndex" Date="20220414" Time="002614">AddIndex C:\ProgramData\Innovyze\Temp\IWPR10VDB\IWVDB28\JCTOUT.DBF ID # UNIQUE NON_ASCENDING</Process><Process ToolSource="c:\program files\arcgis\pro\Resources\ArcToolbox\Toolboxes\Data Management Tools.tbx\RemoveIndex" Date="20220414" Time="002949">RemoveIndex C:\ProgramData\Innovyze\Temp\IWPR10VDB\IWVDB28\JCTOUT.DBF ID</Process><Process ToolSource="c:\program files\arcgis\pro\Resources\ArcToolbox\Toolboxes\Data Management Tools.tbx\AddIndex" Date="20220414" Time="002949">AddIndex C:\ProgramData\Innovyze\Temp\IWPR10VDB\IWVDB28\JCTOUT.DBF ID # UNIQUE NON_ASCENDING</Process><Process ToolSource="c:\program files\arcgis\pro\Resources\ArcToolbox\Toolboxes\Data Management Tools.tbx\RemoveIndex" Date="20220414" Time="002951">RemoveIndex C:\ProgramData\Innovyze\Temp\IWPR10VDB\IWVDB28\JCTOUT.DBF ID</Process><Process ToolSource="c:\program files\arcgis\pro\Resources\ArcToolbox\Toolboxes\Data Management Tools.tbx\AddIndex" Date="20220414" Time="002952">AddIndex C:\ProgramData\Innovyze\Temp\IWPR10VDB\IWVDB28\JCTOUT.DBF ID # UNIQUE NON_ASCENDING</Process><Process ToolSource="c:\program files\arcgis\pro\Resources\ArcToolbox\Toolboxes\Data Management Tools.tbx\RemoveIndex" Date="20220414" Time="003023">RemoveIndex C:\ProgramData\Innovyze\Temp\IWPR10VDB\IWVDB28\JCTOUT.DBF ID</Process><Process ToolSource="c:\program files\arcgis\pro\Resources\ArcToolbox\Toolboxes\Data Management Tools.tbx\AddIndex" Date="20220414" Time="003024">AddIndex C:\ProgramData\Innovyze\Temp\IWPR10VDB\IWVDB28\JCTOUT.DBF ID # UNIQUE NON_ASCENDING</Process><Process ToolSource="c:\program files\arcgis\pro\Resources\ArcToolbox\Toolboxes\Data Management Tools.tbx\RemoveIndex" Date="20220414" Time="003033">RemoveIndex C:\ProgramData\Innovyze\Temp\IWPR10VDB\IWVDB28\JCTOUT.DBF ID</Process><Process ToolSource="c:\program files\arcgis\pro\Resources\ArcToolbox\Toolboxes\Data Management Tools.tbx\AddIndex" Date="20220414" Time="003034">AddIndex C:\ProgramData\Innovyze\Temp\IWPR10VDB\IWVDB28\JCTOUT.DBF ID # UNIQUE NON_ASCENDING</Process><Process ToolSource="c:\program files\arcgis\pro\Resources\ArcToolbox\Toolboxes\Data Management Tools.tbx\RemoveIndex" Date="20220414" Time="003130">RemoveIndex C:\ProgramData\Innovyze\Temp\IWPR10VDB\IWVDB28\JCTOUT.DBF ID</Process><Process ToolSource="c:\program files\arcgis\pro\Resources\ArcToolbox\Toolboxes\Data Management Tools.tbx\AddIndex" Date="20220414" Time="003131">AddIndex C:\ProgramData\Innovyze\Temp\IWPR10VDB\IWVDB28\JCTOUT.DBF ID # UNIQUE NON_ASCENDING</Process><Process ToolSource="c:\program files\arcgis\pro\Resources\ArcToolbox\Toolboxes\Data Management Tools.tbx\RemoveIndex" Date="20220414" Time="003142">RemoveIndex C:\ProgramData\Innovyze\Temp\IWPR10VDB\IWVDB28\JCTOUT.DBF ID</Process><Process ToolSource="c:\program files\arcgis\pro\Resources\ArcToolbox\Toolboxes\Data Management Tools.tbx\AddIndex" Date="20220414" Time="003142">AddIndex C:\ProgramData\Innovyze\Temp\IWPR10VDB\IWVDB28\JCTOUT.DBF ID # UNIQUE NON_ASCENDING</Process><Process ToolSource="c:\program files\arcgis\pro\Resources\ArcToolbox\Toolboxes\Data Management Tools.tbx\RemoveIndex" Date="20220414" Time="185508">RemoveIndex C:\ProgramData\Innovyze\Temp\IWPR10VDB\IWVDB28\JCTOUT.DBF ID</Process><Process ToolSource="c:\program files\arcgis\pro\Resources\ArcToolbox\Toolboxes\Data Management Tools.tbx\AddIndex" Date="20220414" Time="185508">AddIndex C:\ProgramData\Innovyze\Temp\IWPR10VDB\IWVDB28\JCTOUT.DBF ID # UNIQUE NON_ASCENDING</Process><Process ToolSource="c:\program files\arcgis\pro\Resources\ArcToolbox\toolboxes\Data Management Tools.tbx\AddIndex" Date="20220418" Time="001825">AddIndex C:\ProgramData\Innovyze\Temp\IWPR10VDB\IWVDB28\JCTOUT.DBF ID # UNIQUE NON_ASCENDING</Process><Process ToolSource="c:\program files\arcgis\pro\Resources\ArcToolbox\toolboxes\Data Management Tools.tbx\RemoveIndex" Date="20220418" Time="001833">RemoveIndex C:\ProgramData\Innovyze\Temp\IWPR10VDB\IWVDB28\JCTOUT.DBF ID</Process><Process ToolSource="c:\program files\arcgis\pro\Resources\ArcToolbox\toolboxes\Data Management Tools.tbx\AddIndex" Date="20220418" Time="001834">AddIndex C:\ProgramData\Innovyze\Temp\IWPR10VDB\IWVDB28\JCTOUT.DBF ID # UNIQUE NON_ASCENDING</Process><Process ToolSource="c:\program files\arcgis\pro\Resources\ArcToolbox\toolboxes\Data Management Tools.tbx\AddIndex" Date="20220418" Time="001839">AddIndex C:\ProgramData\Innovyze\Temp\IWPR10VDB\IWVDB28\JCTOUT.DBF ID # UNIQUE NON_ASCENDING</Process><Process ToolSource="c:\program files\arcgis\pro\Resources\ArcToolbox\toolboxes\Data Management Tools.tbx\AddIndex" Date="20220418" Time="003205">AddIndex C:\ProgramData\Innovyze\Temp\IWPR10VDB\IWVDB28\JCTOUT.DBF ID # UNIQUE NON_ASCENDING</Process><Process ToolSource="c:\program files\arcgis\pro\Resources\ArcToolbox\toolboxes\Data Management Tools.tbx\AddIndex" Date="20220418" Time="005408">AddIndex C:\ProgramData\Innovyze\Temp\IWPR10VDB\IWVDB28\JCTOUT.DBF ID # UNIQUE NON_ASCENDING</Process><Process ToolSource="c:\program files\arcgis\pro\Resources\ArcToolbox\toolboxes\Data Management Tools.tbx\AddIndex" Date="20220418" Time="005412">AddIndex C:\ProgramData\Innovyze\Temp\IWPR10VDB\IWVDB28\JCTOUT.DBF ID # UNIQUE NON_ASCENDING</Process><Process ToolSource="c:\program files\arcgis\pro\Resources\ArcToolbox\toolboxes\Data Management Tools.tbx\RemoveIndex" Date="20220418" Time="094228">RemoveIndex C:\ProgramData\Innovyze\Temp\IWPR10VDB\IWVDB28\JCTOUT.DBF ID</Process><Process ToolSource="c:\program files\arcgis\pro\Resources\ArcToolbox\toolboxes\Data Management Tools.tbx\AddIndex" Date="20220418" Time="094229">AddIndex C:\ProgramData\Innovyze\Temp\IWPR10VDB\IWVDB28\JCTOUT.DBF ID # UNIQUE NON_ASCENDING</Process><Process ToolSource="c:\program files\arcgis\pro\Resources\ArcToolbox\toolboxes\Data Management Tools.tbx\AddIndex" Date="20220418" Time="104704">AddIndex C:\ProgramData\Innovyze\Temp\IWPR10VDB\IWVDB28\JCTOUT.DBF ID # UNIQUE NON_ASCENDING</Process><Process ToolSource="c:\program files\arcgis\pro\Resources\ArcToolbox\toolboxes\Data Management Tools.tbx\RemoveIndex" Date="20220418" Time="104706">RemoveIndex C:\ProgramData\Innovyze\Temp\IWPR10VDB\IWVDB28\JCTOUT.DBF ID</Process><Process ToolSource="c:\program files\arcgis\pro\Resources\ArcToolbox\toolboxes\Data Management Tools.tbx\AddIndex" Date="20220418" Time="104707">AddIndex C:\ProgramData\Innovyze\Temp\IWPR10VDB\IWVDB28\JCTOUT.DBF ID # UNIQUE NON_ASCENDING</Process><Process ToolSource="c:\program files\arcgis\pro\Resources\ArcToolbox\toolboxes\Data Management Tools.tbx\AddIndex" Date="20220418" Time="104843">AddIndex C:\ProgramData\Innovyze\Temp\IWPR10VDB\IWVDB28\JCTOUT.DBF ID # UNIQUE NON_ASCENDING</Process><Process ToolSource="c:\program files\arcgis\pro\Resources\ArcToolbox\toolboxes\Data Management Tools.tbx\AddIndex" Date="20220418" Time="104849">AddIndex C:\ProgramData\Innovyze\Temp\IWPR10VDB\IWVDB28\JCTOUT.DBF ID # UNIQUE NON_ASCENDING</Process><Process ToolSource="c:\program files\arcgis\pro\Resources\ArcToolbox\toolboxes\Data Management Tools.tbx\RemoveIndex" Date="20220418" Time="104937">RemoveIndex C:\ProgramData\Innovyze\Temp\IWPR10VDB\IWVDB28\JCTOUT.DBF ID</Process><Process ToolSource="c:\program files\arcgis\pro\Resources\ArcToolbox\toolboxes\Data Management Tools.tbx\AddIndex" Date="20220418" Time="104938">AddIndex C:\ProgramData\Innovyze\Temp\IWPR10VDB\IWVDB28\JCTOUT.DBF ID # UNIQUE NON_ASCENDING</Process><Process ToolSource="c:\program files\arcgis\pro\Resources\ArcToolbox\toolboxes\Data Management Tools.tbx\RemoveIndex" Date="20220418" Time="214204">RemoveIndex C:\ProgramData\Innovyze\Temp\IWPR10VDB\IWVDB28\JCTOUT.DBF ID</Process><Process ToolSource="c:\program files\arcgis\pro\Resources\ArcToolbox\toolboxes\Data Management Tools.tbx\AddIndex" Date="20220418" Time="214204">AddIndex C:\ProgramData\Innovyze\Temp\IWPR10VDB\IWVDB28\JCTOUT.DBF ID # UNIQUE NON_ASCENDING</Process><Process ToolSource="c:\program files\arcgis\pro\Resources\ArcToolbox\toolboxes\Data Management Tools.tbx\RemoveIndex" Date="20220418" Time="214253">RemoveIndex C:\ProgramData\Innovyze\Temp\IWPR10VDB\IWVDB28\JCTOUT.DBF ID</Process><Process ToolSource="c:\program files\arcgis\pro\Resources\ArcToolbox\toolboxes\Data Management Tools.tbx\AddIndex" Date="20220418" Time="214253">AddIndex C:\ProgramData\Innovyze\Temp\IWPR10VDB\IWVDB28\JCTOUT.DBF ID # UNIQUE NON_ASCENDING</Process><Process ToolSource="c:\program files\arcgis\pro\Resources\ArcToolbox\Toolboxes\Data Management Tools.tbx\RemoveIndex" Date="20220419" Time="011716">RemoveIndex C:\ProgramData\Innovyze\Temp\IWPR10VDB\IWVDB28\JCTOUT.DBF ID</Process><Process ToolSource="c:\program files\arcgis\pro\Resources\ArcToolbox\Toolboxes\Data Management Tools.tbx\AddIndex" Date="20220419" Time="011717">AddIndex C:\ProgramData\Innovyze\Temp\IWPR10VDB\IWVDB28\JCTOUT.DBF ID # UNIQUE NON_ASCENDING</Process><Process ToolSource="c:\program files\arcgis\pro\Resources\ArcToolbox\Toolboxes\Data Management Tools.tbx\AddIndex" Date="20220419" Time="012856">AddIndex C:\ProgramData\Innovyze\Temp\IWPR10VDB\IWVDB28\JCTOUT.DBF ID # UNIQUE NON_ASCENDING</Process><Process ToolSource="c:\program files\arcgis\pro\Resources\ArcToolbox\Toolboxes\Data Management Tools.tbx\AddIndex" Date="20220419" Time="012902">AddIndex C:\ProgramData\Innovyze\Temp\IWPR10VDB\IWVDB28\JCTOUT.DBF ID # UNIQUE NON_ASCENDING</Process><Process ToolSource="c:\program files\arcgis\pro\Resources\ArcToolbox\Toolboxes\Data Management Tools.tbx\RemoveIndex" Date="20220419" Time="012904">RemoveIndex C:\ProgramData\Innovyze\Temp\IWPR10VDB\IWVDB28\JCTOUT.DBF ID</Process><Process ToolSource="c:\program files\arcgis\pro\Resources\ArcToolbox\Toolboxes\Data Management Tools.tbx\AddIndex" Date="20220419" Time="012904">AddIndex C:\ProgramData\Innovyze\Temp\IWPR10VDB\IWVDB28\JCTOUT.DBF ID # UNIQUE NON_ASCENDING</Process><Process ToolSource="c:\program files\arcgis\pro\Resources\ArcToolbox\Toolboxes\Data Management Tools.tbx\RemoveIndex" Date="20220419" Time="012924">RemoveIndex C:\ProgramData\Innovyze\Temp\IWPR10VDB\IWVDB28\JCTOUT.DBF ID</Process><Process ToolSource="c:\program files\arcgis\pro\Resources\ArcToolbox\Toolboxes\Data Management Tools.tbx\AddIndex" Date="20220419" Time="012924">AddIndex C:\ProgramData\Innovyze\Temp\IWPR10VDB\IWVDB28\JCTOUT.DBF ID # UNIQUE NON_ASCENDING</Process><Process ToolSource="c:\program files\arcgis\pro\Resources\ArcToolbox\Toolboxes\Data Management Tools.tbx\RemoveIndex" Date="20220419" Time="012937">RemoveIndex C:\ProgramData\Innovyze\Temp\IWPR10VDB\IWVDB28\JCTOUT.DBF ID</Process><Process ToolSource="c:\program files\arcgis\pro\Resources\ArcToolbox\Toolboxes\Data Management Tools.tbx\AddIndex" Date="20220419" Time="012938">AddIndex C:\ProgramData\Innovyze\Temp\IWPR10VDB\IWVDB28\JCTOUT.DBF ID # UNIQUE NON_ASCENDING</Process><Process ToolSource="c:\program files\arcgis\pro\Resources\ArcToolbox\Toolboxes\Data Management Tools.tbx\RemoveIndex" Date="20220419" Time="013601">RemoveIndex C:\ProgramData\Innovyze\Temp\IWPR10VDB\IWVDB28\JCTOUT.DBF ID</Process><Process ToolSource="c:\program files\arcgis\pro\Resources\ArcToolbox\Toolboxes\Data Management Tools.tbx\AddIndex" Date="20220419" Time="013601">AddIndex C:\ProgramData\Innovyze\Temp\IWPR10VDB\IWVDB28\JCTOUT.DBF ID # UNIQUE NON_ASCENDING</Process><Process ToolSource="c:\program files\arcgis\pro\Resources\ArcToolbox\Toolboxes\Data Management Tools.tbx\AddIndex" Date="20220419" Time="120059">AddIndex C:\ProgramData\Innovyze\Temp\IWPR10VDB\IWVDB28\JCTOUT.DBF ID # UNIQUE NON_ASCENDING</Process><Process ToolSource="c:\program files\arcgis\pro\Resources\ArcToolbox\Toolboxes\Data Management Tools.tbx\AddIndex" Date="20220419" Time="120112">AddIndex C:\ProgramData\Innovyze\Temp\IWPR10VDB\IWVDB28\JCTOUT.DBF ID # UNIQUE NON_ASCENDING</Process><Process ToolSource="c:\program files\arcgis\pro\Resources\ArcToolbox\Toolboxes\Data Management Tools.tbx\RemoveIndex" Date="20220419" Time="121543">RemoveIndex C:\ProgramData\Innovyze\Temp\IWPR10VDB\IWVDB28\JCTOUT.DBF ID</Process><Process ToolSource="c:\program files\arcgis\pro\Resources\ArcToolbox\Toolboxes\Data Management Tools.tbx\AddIndex" Date="20220419" Time="121544">AddIndex C:\ProgramData\Innovyze\Temp\IWPR10VDB\IWVDB28\JCTOUT.DBF ID # UNIQUE NON_ASCENDING</Process><Process ToolSource="c:\program files\arcgis\pro\Resources\ArcToolbox\Toolboxes\Data Management Tools.tbx\RemoveIndex" Date="20230417" Time="150205">RemoveIndex C:\ProgramData\Innovyze\Temp\IWPR10VDB\IWVDB16\JCTOUT.DBF ID</Process><Process ToolSource="c:\program files\arcgis\pro\Resources\ArcToolbox\Toolboxes\Data Management Tools.tbx\AddIndex" Date="20230417" Time="150206">AddIndex C:\ProgramData\Innovyze\Temp\IWPR10VDB\IWVDB16\JCTOUT.DBF ID # UNIQUE NON_ASCENDING</Process><Process ToolSource="c:\program files\arcgis\pro\Resources\ArcToolbox\Toolboxes\Data Management Tools.tbx\AddIndex" Date="20230417" Time="164233">AddIndex C:\ProgramData\Innovyze\Temp\IWPR10VDB\IWVDB16\JCTOUT.DBF ID # UNIQUE NON_ASCENDING</Process></lineage></DataProperties></Esri></metadata>
