<?xml version="1.0" encoding="UTF-8"?>
<metadata xml:lang="en"><Esri><CreaDate>20230922</CreaDate><CreaTime>10502100</CreaTime><ArcGISFormat>1.0</ArcGISFormat><SyncOnce>TRUE</SyncOnce><DataProperties><lineage><Process ToolSource="c:\program files\arcgis\pro\Resources\ArcToolbox\Toolboxes\Data Management Tools.tbx\AddIndex" Date="20230922" Time="105021">AddIndex C:\ProgramData\Innovyze\Temp\IWPR10VDB\IWVDB36\JUNCTION_h.dbf ID # UNIQUE NON_ASCENDING</Process><Process ToolSource="c:\program files\arcgis\pro\Resources\ArcToolbox\Toolboxes\Data Management Tools.tbx\RemoveIndex" Date="20230922" Time="105026">RemoveIndex C:\ProgramData\Innovyze\Temp\IWPR10VDB\IWVDB36\JUNCTION_h.dbf ID</Process><Process ToolSource="c:\program files\arcgis\pro\Resources\ArcToolbox\Toolboxes\Data Management Tools.tbx\AddIndex" Date="20230922" Time="105026">AddIndex C:\ProgramData\Innovyze\Temp\IWPR10VDB\IWVDB36\JUNCTION_h.dbf ID # UNIQUE NON_ASCENDING</Process></lineage></DataProperties></Esri></metadata>
