<?xml version="1.0" encoding="UTF-8"?>
<metadata xml:lang="en"><Esri><CreaDate>20210529</CreaDate><CreaTime>22064600</CreaTime><ArcGISFormat>1.0</ArcGISFormat><SyncOnce>TRUE</SyncOnce><DataProperties><lineage><Process ToolSource="c:\program files\arcgis\pro\Resources\ArcToolbox\toolboxes\Data Management Tools.tbx\AddIndex" Date="20210529" Time="220646">AddIndex C:\ProgramData\Innovyze\Temp\IWPR10VDB\IWVDB14\PIPEHYD.DBF ID # UNIQUE NON_ASCENDING</Process><Process ToolSource="c:\program files\arcgis\pro\Resources\ArcToolbox\toolboxes\Data Management Tools.tbx\RemoveIndex" Date="20210529" Time="220710">RemoveIndex C:\ProgramData\Innovyze\Temp\IWPR10VDB\IWVDB14\PIPEHYD.DBF ID</Process><Process ToolSource="c:\program files\arcgis\pro\Resources\ArcToolbox\toolboxes\Data Management Tools.tbx\AddIndex" Date="20210529" Time="220710">AddIndex C:\ProgramData\Innovyze\Temp\IWPR10VDB\IWVDB14\PIPEHYD.DBF ID # UNIQUE NON_ASCENDING</Process><Process ToolSource="c:\program files\arcgis\pro\Resources\ArcToolbox\toolboxes\Data Management Tools.tbx\RemoveIndex" Date="20210529" Time="220812">RemoveIndex C:\ProgramData\Innovyze\Temp\IWPR10VDB\IWVDB14\PIPEHYD.DBF ID</Process><Process ToolSource="c:\program files\arcgis\pro\Resources\ArcToolbox\toolboxes\Data Management Tools.tbx\AddIndex" Date="20210529" Time="220812">AddIndex C:\ProgramData\Innovyze\Temp\IWPR10VDB\IWVDB14\PIPEHYD.DBF ID # UNIQUE NON_ASCENDING</Process><Process ToolSource="c:\program files\arcgis\pro\Resources\ArcToolbox\toolboxes\Data Management Tools.tbx\RemoveIndex" Date="20210529" Time="220836">RemoveIndex C:\ProgramData\Innovyze\Temp\IWPR10VDB\IWVDB14\PIPEHYD.DBF ID</Process><Process ToolSource="c:\program files\arcgis\pro\Resources\ArcToolbox\toolboxes\Data Management Tools.tbx\AddIndex" Date="20210529" Time="220836">AddIndex C:\ProgramData\Innovyze\Temp\IWPR10VDB\IWVDB14\PIPEHYD.DBF ID # UNIQUE NON_ASCENDING</Process><Process ToolSource="c:\program files\arcgis\pro\Resources\ArcToolbox\toolboxes\Data Management Tools.tbx\RemoveIndex" Date="20210529" Time="220837">RemoveIndex C:\ProgramData\Innovyze\Temp\IWPR10VDB\IWVDB14\PIPEHYD.DBF ID</Process><Process ToolSource="c:\program files\arcgis\pro\Resources\ArcToolbox\toolboxes\Data Management Tools.tbx\AddIndex" Date="20210529" Time="220837">AddIndex C:\ProgramData\Innovyze\Temp\IWPR10VDB\IWVDB14\PIPEHYD.DBF ID # UNIQUE NON_ASCENDING</Process><Process ToolSource="c:\program files\arcgis\pro\Resources\ArcToolbox\toolboxes\Data Management Tools.tbx\RemoveIndex" Date="20210529" Time="220917">RemoveIndex C:\ProgramData\Innovyze\Temp\IWPR10VDB\IWVDB14\PIPEHYD.DBF ID</Process><Process ToolSource="c:\program files\arcgis\pro\Resources\ArcToolbox\toolboxes\Data Management Tools.tbx\AddIndex" Date="20210529" Time="220917">AddIndex C:\ProgramData\Innovyze\Temp\IWPR10VDB\IWVDB14\PIPEHYD.DBF ID # UNIQUE NON_ASCENDING</Process><Process ToolSource="c:\program files\arcgis\pro\Resources\ArcToolbox\toolboxes\Data Management Tools.tbx\RemoveIndex" Date="20210529" Time="220922">RemoveIndex C:\ProgramData\Innovyze\Temp\IWPR10VDB\IWVDB14\PIPEHYD.DBF ID</Process><Process ToolSource="c:\program files\arcgis\pro\Resources\ArcToolbox\toolboxes\Data Management Tools.tbx\AddIndex" Date="20210529" Time="220922">AddIndex C:\ProgramData\Innovyze\Temp\IWPR10VDB\IWVDB14\PIPEHYD.DBF ID # UNIQUE NON_ASCENDING</Process><Process ToolSource="c:\program files\arcgis\pro\Resources\ArcToolbox\Toolboxes\Data Management Tools.tbx\AddIndex" Date="20210603" Time="220936">AddIndex C:\ProgramData\Innovyze\Temp\IWPR10VDB\IWVDB14\PIPEHYD.DBF ID # UNIQUE NON_ASCENDING</Process><Process ToolSource="c:\program files\arcgis\pro\Resources\ArcToolbox\Toolboxes\Data Management Tools.tbx\RemoveIndex" Date="20210603" Time="220938">RemoveIndex C:\ProgramData\Innovyze\Temp\IWPR10VDB\IWVDB14\PIPEHYD.DBF ID</Process><Process ToolSource="c:\program files\arcgis\pro\Resources\ArcToolbox\Toolboxes\Data Management Tools.tbx\AddIndex" Date="20210603" Time="220938">AddIndex C:\ProgramData\Innovyze\Temp\IWPR10VDB\IWVDB14\PIPEHYD.DBF ID # UNIQUE NON_ASCENDING</Process><Process ToolSource="c:\program files\arcgis\pro\Resources\ArcToolbox\Toolboxes\Data Management Tools.tbx\AddIndex" Date="20210603" Time="221953">AddIndex C:\ProgramData\Innovyze\Temp\IWPR10VDB\IWVDB14\PIPEHYD.DBF ID # UNIQUE NON_ASCENDING</Process><Process ToolSource="c:\program files\arcgis\pro\Resources\ArcToolbox\Toolboxes\Data Management Tools.tbx\RemoveIndex" Date="20210603" Time="221955">RemoveIndex C:\ProgramData\Innovyze\Temp\IWPR10VDB\IWVDB14\PIPEHYD.DBF ID</Process><Process ToolSource="c:\program files\arcgis\pro\Resources\ArcToolbox\Toolboxes\Data Management Tools.tbx\AddIndex" Date="20210603" Time="221955">AddIndex C:\ProgramData\Innovyze\Temp\IWPR10VDB\IWVDB14\PIPEHYD.DBF ID # UNIQUE NON_ASCENDING</Process><Process ToolSource="c:\program files\arcgis\pro\Resources\ArcToolbox\Toolboxes\Data Management Tools.tbx\RemoveIndex" Date="20210603" Time="222327">RemoveIndex C:\ProgramData\Innovyze\Temp\IWPR10VDB\IWVDB14\PIPEHYD.DBF ID</Process><Process ToolSource="c:\program files\arcgis\pro\Resources\ArcToolbox\Toolboxes\Data Management Tools.tbx\AddIndex" Date="20210603" Time="222327">AddIndex C:\ProgramData\Innovyze\Temp\IWPR10VDB\IWVDB14\PIPEHYD.DBF ID # UNIQUE NON_ASCENDING</Process><Process ToolSource="c:\program files\arcgis\pro\Resources\ArcToolbox\Toolboxes\Data Management Tools.tbx\RemoveIndex" Date="20210603" Time="222340">RemoveIndex C:\ProgramData\Innovyze\Temp\IWPR10VDB\IWVDB14\PIPEHYD.DBF ID</Process><Process ToolSource="c:\program files\arcgis\pro\Resources\ArcToolbox\Toolboxes\Data Management Tools.tbx\AddIndex" Date="20210603" Time="222340">AddIndex C:\ProgramData\Innovyze\Temp\IWPR10VDB\IWVDB14\PIPEHYD.DBF ID # UNIQUE NON_ASCENDING</Process><Process ToolSource="c:\program files\arcgis\pro\Resources\ArcToolbox\Toolboxes\Data Management Tools.tbx\RemoveIndex" Date="20210603" Time="222353">RemoveIndex C:\ProgramData\Innovyze\Temp\IWPR10VDB\IWVDB14\PIPEHYD.DBF ID</Process><Process ToolSource="c:\program files\arcgis\pro\Resources\ArcToolbox\Toolboxes\Data Management Tools.tbx\AddIndex" Date="20210603" Time="222354">AddIndex C:\ProgramData\Innovyze\Temp\IWPR10VDB\IWVDB14\PIPEHYD.DBF ID # UNIQUE NON_ASCENDING</Process><Process ToolSource="c:\program files\arcgis\pro\Resources\ArcToolbox\Toolboxes\Data Management Tools.tbx\RemoveIndex" Date="20210603" Time="223711">RemoveIndex C:\ProgramData\Innovyze\Temp\IWPR10VDB\IWVDB14\PIPEHYD.DBF ID</Process><Process ToolSource="c:\program files\arcgis\pro\Resources\ArcToolbox\Toolboxes\Data Management Tools.tbx\AddIndex" Date="20210603" Time="223711">AddIndex C:\ProgramData\Innovyze\Temp\IWPR10VDB\IWVDB14\PIPEHYD.DBF ID # UNIQUE NON_ASCENDING</Process><Process ToolSource="c:\program files\arcgis\pro\Resources\ArcToolbox\Toolboxes\Data Management Tools.tbx\RemoveIndex" Date="20210603" Time="223713">RemoveIndex C:\ProgramData\Innovyze\Temp\IWPR10VDB\IWVDB14\PIPEHYD.DBF ID</Process><Process ToolSource="c:\program files\arcgis\pro\Resources\ArcToolbox\Toolboxes\Data Management Tools.tbx\AddIndex" Date="20210603" Time="223713">AddIndex C:\ProgramData\Innovyze\Temp\IWPR10VDB\IWVDB14\PIPEHYD.DBF ID # UNIQUE NON_ASCENDING</Process><Process ToolSource="c:\program files\arcgis\pro\Resources\ArcToolbox\Toolboxes\Data Management Tools.tbx\RemoveIndex" Date="20210603" Time="224615">RemoveIndex C:\ProgramData\Innovyze\Temp\IWPR10VDB\IWVDB14\PIPEHYD.DBF ID</Process><Process ToolSource="c:\program files\arcgis\pro\Resources\ArcToolbox\Toolboxes\Data Management Tools.tbx\AddIndex" Date="20210603" Time="224615">AddIndex C:\ProgramData\Innovyze\Temp\IWPR10VDB\IWVDB14\PIPEHYD.DBF ID # UNIQUE NON_ASCENDING</Process><Process ToolSource="c:\program files\arcgis\pro\Resources\ArcToolbox\Toolboxes\Data Management Tools.tbx\RemoveIndex" Date="20210603" Time="224810">RemoveIndex C:\ProgramData\Innovyze\Temp\IWPR10VDB\IWVDB14\PIPEHYD.DBF ID</Process><Process ToolSource="c:\program files\arcgis\pro\Resources\ArcToolbox\Toolboxes\Data Management Tools.tbx\AddIndex" Date="20210603" Time="224810">AddIndex C:\ProgramData\Innovyze\Temp\IWPR10VDB\IWVDB14\PIPEHYD.DBF ID # UNIQUE NON_ASCENDING</Process><Process ToolSource="c:\program files\arcgis\pro\Resources\ArcToolbox\Toolboxes\Data Management Tools.tbx\RemoveIndex" Date="20210603" Time="224812">RemoveIndex C:\ProgramData\Innovyze\Temp\IWPR10VDB\IWVDB14\PIPEHYD.DBF ID</Process><Process ToolSource="c:\program files\arcgis\pro\Resources\ArcToolbox\Toolboxes\Data Management Tools.tbx\AddIndex" Date="20210603" Time="224813">AddIndex C:\ProgramData\Innovyze\Temp\IWPR10VDB\IWVDB14\PIPEHYD.DBF ID # UNIQUE NON_ASCENDING</Process><Process ToolSource="c:\program files\arcgis\pro\Resources\ArcToolbox\Toolboxes\Data Management Tools.tbx\RemoveIndex" Date="20210603" Time="225220">RemoveIndex C:\ProgramData\Innovyze\Temp\IWPR10VDB\IWVDB14\PIPEHYD.DBF ID</Process><Process ToolSource="c:\program files\arcgis\pro\Resources\ArcToolbox\Toolboxes\Data Management Tools.tbx\AddIndex" Date="20210603" Time="225220">AddIndex C:\ProgramData\Innovyze\Temp\IWPR10VDB\IWVDB14\PIPEHYD.DBF ID # UNIQUE NON_ASCENDING</Process><Process ToolSource="c:\program files\arcgis\pro\Resources\ArcToolbox\Toolboxes\Data Management Tools.tbx\RemoveIndex" Date="20210603" Time="225222">RemoveIndex C:\ProgramData\Innovyze\Temp\IWPR10VDB\IWVDB14\PIPEHYD.DBF ID</Process><Process ToolSource="c:\program files\arcgis\pro\Resources\ArcToolbox\Toolboxes\Data Management Tools.tbx\AddIndex" Date="20210603" Time="225222">AddIndex C:\ProgramData\Innovyze\Temp\IWPR10VDB\IWVDB14\PIPEHYD.DBF ID # UNIQUE NON_ASCENDING</Process><Process ToolSource="c:\program files\arcgis\pro\Resources\ArcToolbox\Toolboxes\Data Management Tools.tbx\RemoveIndex" Date="20210603" Time="225356">RemoveIndex C:\ProgramData\Innovyze\Temp\IWPR10VDB\IWVDB14\PIPEHYD.DBF ID</Process><Process ToolSource="c:\program files\arcgis\pro\Resources\ArcToolbox\Toolboxes\Data Management Tools.tbx\AddIndex" Date="20210603" Time="225356">AddIndex C:\ProgramData\Innovyze\Temp\IWPR10VDB\IWVDB14\PIPEHYD.DBF ID # UNIQUE NON_ASCENDING</Process><Process ToolSource="c:\program files\arcgis\pro\Resources\ArcToolbox\Toolboxes\Data Management Tools.tbx\RemoveIndex" Date="20210603" Time="225358">RemoveIndex C:\ProgramData\Innovyze\Temp\IWPR10VDB\IWVDB14\PIPEHYD.DBF ID</Process><Process ToolSource="c:\program files\arcgis\pro\Resources\ArcToolbox\Toolboxes\Data Management Tools.tbx\AddIndex" Date="20210603" Time="225358">AddIndex C:\ProgramData\Innovyze\Temp\IWPR10VDB\IWVDB14\PIPEHYD.DBF ID # UNIQUE NON_ASCENDING</Process><Process ToolSource="c:\program files\arcgis\pro\Resources\ArcToolbox\Toolboxes\Data Management Tools.tbx\RemoveIndex" Date="20210603" Time="225439">RemoveIndex C:\ProgramData\Innovyze\Temp\IWPR10VDB\IWVDB14\PIPEHYD.DBF ID</Process><Process ToolSource="c:\program files\arcgis\pro\Resources\ArcToolbox\Toolboxes\Data Management Tools.tbx\AddIndex" Date="20210603" Time="225439">AddIndex C:\ProgramData\Innovyze\Temp\IWPR10VDB\IWVDB14\PIPEHYD.DBF ID # UNIQUE NON_ASCENDING</Process><Process ToolSource="c:\program files\arcgis\pro\Resources\ArcToolbox\Toolboxes\Data Management Tools.tbx\RemoveIndex" Date="20210603" Time="225441">RemoveIndex C:\ProgramData\Innovyze\Temp\IWPR10VDB\IWVDB14\PIPEHYD.DBF ID</Process><Process ToolSource="c:\program files\arcgis\pro\Resources\ArcToolbox\Toolboxes\Data Management Tools.tbx\AddIndex" Date="20210603" Time="225441">AddIndex C:\ProgramData\Innovyze\Temp\IWPR10VDB\IWVDB14\PIPEHYD.DBF ID # UNIQUE NON_ASCENDING</Process><Process ToolSource="c:\program files\arcgis\pro\Resources\ArcToolbox\Toolboxes\Data Management Tools.tbx\RemoveIndex" Date="20210603" Time="230747">RemoveIndex C:\ProgramData\Innovyze\Temp\IWPR10VDB\IWVDB14\PIPEHYD.DBF ID</Process><Process ToolSource="c:\program files\arcgis\pro\Resources\ArcToolbox\Toolboxes\Data Management Tools.tbx\AddIndex" Date="20210603" Time="230747">AddIndex C:\ProgramData\Innovyze\Temp\IWPR10VDB\IWVDB14\PIPEHYD.DBF ID # UNIQUE NON_ASCENDING</Process><Process ToolSource="c:\program files\arcgis\pro\Resources\ArcToolbox\Toolboxes\Data Management Tools.tbx\RemoveIndex" Date="20210603" Time="230750">RemoveIndex C:\ProgramData\Innovyze\Temp\IWPR10VDB\IWVDB14\PIPEHYD.DBF ID</Process><Process ToolSource="c:\program files\arcgis\pro\Resources\ArcToolbox\Toolboxes\Data Management Tools.tbx\AddIndex" Date="20210603" Time="230750">AddIndex C:\ProgramData\Innovyze\Temp\IWPR10VDB\IWVDB14\PIPEHYD.DBF ID # UNIQUE NON_ASCENDING</Process><Process ToolSource="c:\program files\arcgis\pro\Resources\ArcToolbox\Toolboxes\Data Management Tools.tbx\AddIndex" Date="20210603" Time="233005">AddIndex C:\ProgramData\Innovyze\Temp\IWPR10VDB\IWVDB14\PIPEHYD.DBF ID # UNIQUE NON_ASCENDING</Process><Process ToolSource="c:\program files\arcgis\pro\Resources\ArcToolbox\Toolboxes\Data Management Tools.tbx\AddIndex" Date="20210603" Time="233123">AddIndex C:\ProgramData\Innovyze\Temp\IWPR10VDB\IWVDB14\PIPEHYD.DBF ID # UNIQUE NON_ASCENDING</Process><Process ToolSource="c:\program files\arcgis\pro\Resources\ArcToolbox\Toolboxes\Data Management Tools.tbx\AddIndex" Date="20210603" Time="233448">AddIndex C:\ProgramData\Innovyze\Temp\IWPR10VDB\IWVDB14\PIPEHYD.DBF ID # UNIQUE NON_ASCENDING</Process><Process ToolSource="c:\program files\arcgis\pro\Resources\ArcToolbox\Toolboxes\Data Management Tools.tbx\AddIndex" Date="20210603" Time="233624">AddIndex C:\ProgramData\Innovyze\Temp\IWPR10VDB\IWVDB14\PIPEHYD.DBF ID # UNIQUE NON_ASCENDING</Process><Process ToolSource="c:\program files\arcgis\pro\Resources\ArcToolbox\Toolboxes\Data Management Tools.tbx\RemoveIndex" Date="20210603" Time="234705">RemoveIndex C:\ProgramData\Innovyze\Temp\IWPR10VDB\IWVDB14\PIPEHYD.DBF ID</Process><Process ToolSource="c:\program files\arcgis\pro\Resources\ArcToolbox\Toolboxes\Data Management Tools.tbx\AddIndex" Date="20210603" Time="234705">AddIndex C:\ProgramData\Innovyze\Temp\IWPR10VDB\IWVDB14\PIPEHYD.DBF ID # UNIQUE NON_ASCENDING</Process><Process ToolSource="c:\program files\arcgis\pro\Resources\ArcToolbox\Toolboxes\Data Management Tools.tbx\RemoveIndex" Date="20210603" Time="234707">RemoveIndex C:\ProgramData\Innovyze\Temp\IWPR10VDB\IWVDB14\PIPEHYD.DBF ID</Process><Process ToolSource="c:\program files\arcgis\pro\Resources\ArcToolbox\Toolboxes\Data Management Tools.tbx\AddIndex" Date="20210603" Time="234708">AddIndex C:\ProgramData\Innovyze\Temp\IWPR10VDB\IWVDB14\PIPEHYD.DBF ID # UNIQUE NON_ASCENDING</Process><Process ToolSource="c:\program files\arcgis\pro\Resources\ArcToolbox\Toolboxes\Data Management Tools.tbx\RemoveIndex" Date="20210603" Time="234907">RemoveIndex C:\ProgramData\Innovyze\Temp\IWPR10VDB\IWVDB14\PIPEHYD.DBF ID</Process><Process ToolSource="c:\program files\arcgis\pro\Resources\ArcToolbox\Toolboxes\Data Management Tools.tbx\AddIndex" Date="20210603" Time="234907">AddIndex C:\ProgramData\Innovyze\Temp\IWPR10VDB\IWVDB14\PIPEHYD.DBF ID # UNIQUE NON_ASCENDING</Process><Process ToolSource="c:\program files\arcgis\pro\Resources\ArcToolbox\Toolboxes\Data Management Tools.tbx\RemoveIndex" Date="20210603" Time="234910">RemoveIndex C:\ProgramData\Innovyze\Temp\IWPR10VDB\IWVDB14\PIPEHYD.DBF ID</Process><Process ToolSource="c:\program files\arcgis\pro\Resources\ArcToolbox\Toolboxes\Data Management Tools.tbx\AddIndex" Date="20210603" Time="234910">AddIndex C:\ProgramData\Innovyze\Temp\IWPR10VDB\IWVDB14\PIPEHYD.DBF ID # UNIQUE NON_ASCENDING</Process><Process ToolSource="c:\program files\arcgis\pro\Resources\ArcToolbox\Toolboxes\Data Management Tools.tbx\RemoveIndex" Date="20210603" Time="234950">RemoveIndex C:\ProgramData\Innovyze\Temp\IWPR10VDB\IWVDB14\PIPEHYD.DBF ID</Process><Process ToolSource="c:\program files\arcgis\pro\Resources\ArcToolbox\Toolboxes\Data Management Tools.tbx\AddIndex" Date="20210603" Time="234951">AddIndex C:\ProgramData\Innovyze\Temp\IWPR10VDB\IWVDB14\PIPEHYD.DBF ID # UNIQUE NON_ASCENDING</Process><Process ToolSource="c:\program files\arcgis\pro\Resources\ArcToolbox\Toolboxes\Data Management Tools.tbx\RemoveIndex" Date="20210603" Time="234954">RemoveIndex C:\ProgramData\Innovyze\Temp\IWPR10VDB\IWVDB14\PIPEHYD.DBF ID</Process><Process ToolSource="c:\program files\arcgis\pro\Resources\ArcToolbox\Toolboxes\Data Management Tools.tbx\AddIndex" Date="20210603" Time="234954">AddIndex C:\ProgramData\Innovyze\Temp\IWPR10VDB\IWVDB14\PIPEHYD.DBF ID # UNIQUE NON_ASCENDING</Process><Process ToolSource="c:\program files\arcgis\pro\Resources\ArcToolbox\Toolboxes\Data Management Tools.tbx\RemoveIndex" Date="20210603" Time="235740">RemoveIndex C:\ProgramData\Innovyze\Temp\IWPR10VDB\IWVDB14\PIPEHYD.DBF ID</Process><Process ToolSource="c:\program files\arcgis\pro\Resources\ArcToolbox\Toolboxes\Data Management Tools.tbx\AddIndex" Date="20210603" Time="235740">AddIndex C:\ProgramData\Innovyze\Temp\IWPR10VDB\IWVDB14\PIPEHYD.DBF ID # UNIQUE NON_ASCENDING</Process><Process ToolSource="c:\program files\arcgis\pro\Resources\ArcToolbox\Toolboxes\Data Management Tools.tbx\RemoveIndex" Date="20210603" Time="235743">RemoveIndex C:\ProgramData\Innovyze\Temp\IWPR10VDB\IWVDB14\PIPEHYD.DBF ID</Process><Process ToolSource="c:\program files\arcgis\pro\Resources\ArcToolbox\Toolboxes\Data Management Tools.tbx\AddIndex" Date="20210603" Time="235744">AddIndex C:\ProgramData\Innovyze\Temp\IWPR10VDB\IWVDB14\PIPEHYD.DBF ID # UNIQUE NON_ASCENDING</Process><Process ToolSource="c:\program files\arcgis\pro\Resources\ArcToolbox\Toolboxes\Data Management Tools.tbx\AddIndex" Date="20210618" Time="120314">AddIndex C:\ProgramData\Innovyze\Temp\IWPR10VDB\IWVDB14\PIPEHYD.DBF ID # UNIQUE NON_ASCENDING</Process><Process ToolSource="c:\program files\arcgis\pro\Resources\ArcToolbox\Toolboxes\Data Management Tools.tbx\AddIndex" Date="20210816" Time="221414">AddIndex C:\ProgramData\Innovyze\Temp\IWPR10VDB\IWVDB17\PIPEHYD.DBF ID # UNIQUE NON_ASCENDING</Process><Process ToolSource="c:\program files\arcgis\pro\Resources\ArcToolbox\Toolboxes\Data Management Tools.tbx\AddIndex" Date="20210816" Time="234835">AddIndex C:\ProgramData\Innovyze\Temp\IWPR10VDB\IWVDB17\PIPEHYD.DBF ID # UNIQUE NON_ASCENDING</Process><Process ToolSource="c:\program files\arcgis\pro\Resources\ArcToolbox\Toolboxes\Data Management Tools.tbx\RemoveIndex" Date="20210816" Time="234858">RemoveIndex C:\ProgramData\Innovyze\Temp\IWPR10VDB\IWVDB17\PIPEHYD.DBF ID</Process><Process ToolSource="c:\program files\arcgis\pro\Resources\ArcToolbox\Toolboxes\Data Management Tools.tbx\AddIndex" Date="20210816" Time="234858">AddIndex C:\ProgramData\Innovyze\Temp\IWPR10VDB\IWVDB17\PIPEHYD.DBF ID # UNIQUE NON_ASCENDING</Process><Process ToolSource="c:\program files\arcgis\pro\Resources\ArcToolbox\Toolboxes\Data Management Tools.tbx\RemoveIndex" Date="20210816" Time="234906">RemoveIndex C:\ProgramData\Innovyze\Temp\IWPR10VDB\IWVDB17\PIPEHYD.DBF ID</Process><Process ToolSource="c:\program files\arcgis\pro\Resources\ArcToolbox\Toolboxes\Data Management Tools.tbx\AddIndex" Date="20210816" Time="234906">AddIndex C:\ProgramData\Innovyze\Temp\IWPR10VDB\IWVDB17\PIPEHYD.DBF ID # UNIQUE NON_ASCENDING</Process><Process ToolSource="c:\program files\arcgis\pro\Resources\ArcToolbox\Toolboxes\Data Management Tools.tbx\RemoveIndex" Date="20210816" Time="234939">RemoveIndex C:\ProgramData\Innovyze\Temp\IWPR10VDB\IWVDB17\PIPEHYD.DBF ID</Process><Process ToolSource="c:\program files\arcgis\pro\Resources\ArcToolbox\Toolboxes\Data Management Tools.tbx\AddIndex" Date="20210816" Time="234940">AddIndex C:\ProgramData\Innovyze\Temp\IWPR10VDB\IWVDB17\PIPEHYD.DBF ID # UNIQUE NON_ASCENDING</Process><Process ToolSource="c:\program files\arcgis\pro\Resources\ArcToolbox\Toolboxes\Data Management Tools.tbx\RemoveIndex" Date="20210816" Time="234944">RemoveIndex C:\ProgramData\Innovyze\Temp\IWPR10VDB\IWVDB17\PIPEHYD.DBF ID</Process><Process ToolSource="c:\program files\arcgis\pro\Resources\ArcToolbox\Toolboxes\Data Management Tools.tbx\AddIndex" Date="20210816" Time="234945">AddIndex C:\ProgramData\Innovyze\Temp\IWPR10VDB\IWVDB17\PIPEHYD.DBF ID # UNIQUE NON_ASCENDING</Process><Process ToolSource="c:\program files\arcgis\pro\Resources\ArcToolbox\Toolboxes\Data Management Tools.tbx\RemoveIndex" Date="20210816" Time="235012">RemoveIndex C:\ProgramData\Innovyze\Temp\IWPR10VDB\IWVDB17\PIPEHYD.DBF ID</Process><Process ToolSource="c:\program files\arcgis\pro\Resources\ArcToolbox\Toolboxes\Data Management Tools.tbx\AddIndex" Date="20210816" Time="235013">AddIndex C:\ProgramData\Innovyze\Temp\IWPR10VDB\IWVDB17\PIPEHYD.DBF ID # UNIQUE NON_ASCENDING</Process><Process ToolSource="c:\program files\arcgis\pro\Resources\ArcToolbox\Toolboxes\Data Management Tools.tbx\RemoveIndex" Date="20210816" Time="235015">RemoveIndex C:\ProgramData\Innovyze\Temp\IWPR10VDB\IWVDB17\PIPEHYD.DBF ID</Process><Process ToolSource="c:\program files\arcgis\pro\Resources\ArcToolbox\Toolboxes\Data Management Tools.tbx\AddIndex" Date="20210816" Time="235015">AddIndex C:\ProgramData\Innovyze\Temp\IWPR10VDB\IWVDB17\PIPEHYD.DBF ID # UNIQUE NON_ASCENDING</Process><Process ToolSource="c:\program files\arcgis\pro\Resources\ArcToolbox\Toolboxes\Data Management Tools.tbx\RemoveIndex" Date="20210816" Time="235148">RemoveIndex C:\ProgramData\Innovyze\Temp\IWPR10VDB\IWVDB17\PIPEHYD.DBF ID</Process><Process ToolSource="c:\program files\arcgis\pro\Resources\ArcToolbox\Toolboxes\Data Management Tools.tbx\AddIndex" Date="20210816" Time="235148">AddIndex C:\ProgramData\Innovyze\Temp\IWPR10VDB\IWVDB17\PIPEHYD.DBF ID # UNIQUE NON_ASCENDING</Process><Process ToolSource="c:\program files\arcgis\pro\Resources\ArcToolbox\Toolboxes\Data Management Tools.tbx\RemoveIndex" Date="20210816" Time="235202">RemoveIndex C:\ProgramData\Innovyze\Temp\IWPR10VDB\IWVDB17\PIPEHYD.DBF ID</Process><Process ToolSource="c:\program files\arcgis\pro\Resources\ArcToolbox\Toolboxes\Data Management Tools.tbx\AddIndex" Date="20210816" Time="235202">AddIndex C:\ProgramData\Innovyze\Temp\IWPR10VDB\IWVDB17\PIPEHYD.DBF ID # UNIQUE NON_ASCENDING</Process><Process ToolSource="c:\program files\arcgis\pro\Resources\ArcToolbox\Toolboxes\Data Management Tools.tbx\RemoveIndex" Date="20210816" Time="235234">RemoveIndex C:\ProgramData\Innovyze\Temp\IWPR10VDB\IWVDB17\PIPEHYD.DBF ID</Process><Process ToolSource="c:\program files\arcgis\pro\Resources\ArcToolbox\Toolboxes\Data Management Tools.tbx\AddIndex" Date="20210816" Time="235234">AddIndex C:\ProgramData\Innovyze\Temp\IWPR10VDB\IWVDB17\PIPEHYD.DBF ID # UNIQUE NON_ASCENDING</Process><Process ToolSource="c:\program files\arcgis\pro\Resources\ArcToolbox\Toolboxes\Data Management Tools.tbx\RemoveIndex" Date="20210816" Time="235238">RemoveIndex C:\ProgramData\Innovyze\Temp\IWPR10VDB\IWVDB17\PIPEHYD.DBF ID</Process><Process ToolSource="c:\program files\arcgis\pro\Resources\ArcToolbox\Toolboxes\Data Management Tools.tbx\AddIndex" Date="20210816" Time="235239">AddIndex C:\ProgramData\Innovyze\Temp\IWPR10VDB\IWVDB17\PIPEHYD.DBF ID # UNIQUE NON_ASCENDING</Process><Process ToolSource="c:\program files\arcgis\pro\Resources\ArcToolbox\Toolboxes\Data Management Tools.tbx\RemoveIndex" Date="20210816" Time="235339">RemoveIndex C:\ProgramData\Innovyze\Temp\IWPR10VDB\IWVDB17\PIPEHYD.DBF ID</Process><Process ToolSource="c:\program files\arcgis\pro\Resources\ArcToolbox\Toolboxes\Data Management Tools.tbx\AddIndex" Date="20210816" Time="235339">AddIndex C:\ProgramData\Innovyze\Temp\IWPR10VDB\IWVDB17\PIPEHYD.DBF ID # UNIQUE NON_ASCENDING</Process><Process ToolSource="c:\program files\arcgis\pro\Resources\ArcToolbox\Toolboxes\Data Management Tools.tbx\RemoveIndex" Date="20210816" Time="235356">RemoveIndex C:\ProgramData\Innovyze\Temp\IWPR10VDB\IWVDB17\PIPEHYD.DBF ID</Process><Process ToolSource="c:\program files\arcgis\pro\Resources\ArcToolbox\Toolboxes\Data Management Tools.tbx\AddIndex" Date="20210816" Time="235356">AddIndex C:\ProgramData\Innovyze\Temp\IWPR10VDB\IWVDB17\PIPEHYD.DBF ID # UNIQUE NON_ASCENDING</Process><Process ToolSource="c:\program files\arcgis\pro\Resources\ArcToolbox\Toolboxes\Data Management Tools.tbx\RemoveIndex" Date="20210816" Time="235358">RemoveIndex C:\ProgramData\Innovyze\Temp\IWPR10VDB\IWVDB17\PIPEHYD.DBF ID</Process><Process ToolSource="c:\program files\arcgis\pro\Resources\ArcToolbox\Toolboxes\Data Management Tools.tbx\AddIndex" Date="20210816" Time="235358">AddIndex C:\ProgramData\Innovyze\Temp\IWPR10VDB\IWVDB17\PIPEHYD.DBF ID # UNIQUE NON_ASCENDING</Process><Process ToolSource="c:\program files\arcgis\pro\Resources\ArcToolbox\Toolboxes\Data Management Tools.tbx\RemoveIndex" Date="20210816" Time="235515">RemoveIndex C:\ProgramData\Innovyze\Temp\IWPR10VDB\IWVDB17\PIPEHYD.DBF ID</Process><Process ToolSource="c:\program files\arcgis\pro\Resources\ArcToolbox\Toolboxes\Data Management Tools.tbx\AddIndex" Date="20210816" Time="235515">AddIndex C:\ProgramData\Innovyze\Temp\IWPR10VDB\IWVDB17\PIPEHYD.DBF ID # UNIQUE NON_ASCENDING</Process><Process ToolSource="c:\program files\arcgis\pro\Resources\ArcToolbox\Toolboxes\Data Management Tools.tbx\RemoveIndex" Date="20210816" Time="235519">RemoveIndex C:\ProgramData\Innovyze\Temp\IWPR10VDB\IWVDB17\PIPEHYD.DBF ID</Process><Process ToolSource="c:\program files\arcgis\pro\Resources\ArcToolbox\Toolboxes\Data Management Tools.tbx\AddIndex" Date="20210816" Time="235519">AddIndex C:\ProgramData\Innovyze\Temp\IWPR10VDB\IWVDB17\PIPEHYD.DBF ID # UNIQUE NON_ASCENDING</Process><Process ToolSource="c:\program files\arcgis\pro\Resources\ArcToolbox\Toolboxes\Data Management Tools.tbx\RemoveIndex" Date="20210817" Time="002402">RemoveIndex C:\ProgramData\Innovyze\Temp\IWPR10VDB\IWVDB17\PIPEHYD.DBF ID</Process><Process ToolSource="c:\program files\arcgis\pro\Resources\ArcToolbox\Toolboxes\Data Management Tools.tbx\AddIndex" Date="20210817" Time="002402">AddIndex C:\ProgramData\Innovyze\Temp\IWPR10VDB\IWVDB17\PIPEHYD.DBF ID # UNIQUE NON_ASCENDING</Process><Process ToolSource="c:\program files\arcgis\pro\Resources\ArcToolbox\Toolboxes\Data Management Tools.tbx\RemoveIndex" Date="20210817" Time="002404">RemoveIndex C:\ProgramData\Innovyze\Temp\IWPR10VDB\IWVDB17\PIPEHYD.DBF ID</Process><Process ToolSource="c:\program files\arcgis\pro\Resources\ArcToolbox\Toolboxes\Data Management Tools.tbx\AddIndex" Date="20210817" Time="002404">AddIndex C:\ProgramData\Innovyze\Temp\IWPR10VDB\IWVDB17\PIPEHYD.DBF ID # UNIQUE NON_ASCENDING</Process><Process ToolSource="c:\program files\arcgis\pro\Resources\ArcToolbox\Toolboxes\Data Management Tools.tbx\RemoveIndex" Date="20210817" Time="090243">RemoveIndex C:\ProgramData\Innovyze\Temp\IWPR10VDB\IWVDB17\PIPEHYD.DBF ID</Process><Process ToolSource="c:\program files\arcgis\pro\Resources\ArcToolbox\Toolboxes\Data Management Tools.tbx\AddIndex" Date="20210817" Time="090243">AddIndex C:\ProgramData\Innovyze\Temp\IWPR10VDB\IWVDB17\PIPEHYD.DBF ID # UNIQUE NON_ASCENDING</Process><Process ToolSource="c:\program files\arcgis\pro\Resources\ArcToolbox\Toolboxes\Data Management Tools.tbx\RemoveIndex" Date="20210817" Time="090352">RemoveIndex C:\ProgramData\Innovyze\Temp\IWPR10VDB\IWVDB17\PIPEHYD.DBF ID</Process><Process ToolSource="c:\program files\arcgis\pro\Resources\ArcToolbox\Toolboxes\Data Management Tools.tbx\AddIndex" Date="20210817" Time="090353">AddIndex C:\ProgramData\Innovyze\Temp\IWPR10VDB\IWVDB17\PIPEHYD.DBF ID # UNIQUE NON_ASCENDING</Process><Process ToolSource="c:\program files\arcgis\pro\Resources\ArcToolbox\Toolboxes\Data Management Tools.tbx\RemoveIndex" Date="20210817" Time="090914">RemoveIndex C:\ProgramData\Innovyze\Temp\IWPR10VDB\IWVDB17\PIPEHYD.DBF ID</Process><Process ToolSource="c:\program files\arcgis\pro\Resources\ArcToolbox\Toolboxes\Data Management Tools.tbx\AddIndex" Date="20210817" Time="090915">AddIndex C:\ProgramData\Innovyze\Temp\IWPR10VDB\IWVDB17\PIPEHYD.DBF ID # UNIQUE NON_ASCENDING</Process><Process ToolSource="c:\program files\arcgis\pro\Resources\ArcToolbox\Toolboxes\Data Management Tools.tbx\RemoveIndex" Date="20210817" Time="091126">RemoveIndex C:\ProgramData\Innovyze\Temp\IWPR10VDB\IWVDB17\PIPEHYD.DBF ID</Process><Process ToolSource="c:\program files\arcgis\pro\Resources\ArcToolbox\Toolboxes\Data Management Tools.tbx\AddIndex" Date="20210817" Time="091127">AddIndex C:\ProgramData\Innovyze\Temp\IWPR10VDB\IWVDB17\PIPEHYD.DBF ID # UNIQUE NON_ASCENDING</Process><Process ToolSource="c:\program files\arcgis\pro\Resources\ArcToolbox\Toolboxes\Data Management Tools.tbx\RemoveIndex" Date="20210817" Time="091206">RemoveIndex C:\ProgramData\Innovyze\Temp\IWPR10VDB\IWVDB17\PIPEHYD.DBF ID</Process><Process ToolSource="c:\program files\arcgis\pro\Resources\ArcToolbox\Toolboxes\Data Management Tools.tbx\AddIndex" Date="20210817" Time="091206">AddIndex C:\ProgramData\Innovyze\Temp\IWPR10VDB\IWVDB17\PIPEHYD.DBF ID # UNIQUE NON_ASCENDING</Process><Process ToolSource="c:\program files\arcgis\pro\Resources\ArcToolbox\Toolboxes\Data Management Tools.tbx\RemoveIndex" Date="20210817" Time="091211">RemoveIndex C:\ProgramData\Innovyze\Temp\IWPR10VDB\IWVDB17\PIPEHYD.DBF ID</Process><Process ToolSource="c:\program files\arcgis\pro\Resources\ArcToolbox\Toolboxes\Data Management Tools.tbx\AddIndex" Date="20210817" Time="091212">AddIndex C:\ProgramData\Innovyze\Temp\IWPR10VDB\IWVDB17\PIPEHYD.DBF ID # UNIQUE NON_ASCENDING</Process><Process ToolSource="c:\program files\arcgis\pro\Resources\ArcToolbox\Toolboxes\Data Management Tools.tbx\RemoveIndex" Date="20210817" Time="091237">RemoveIndex C:\ProgramData\Innovyze\Temp\IWPR10VDB\IWVDB17\PIPEHYD.DBF ID</Process><Process ToolSource="c:\program files\arcgis\pro\Resources\ArcToolbox\Toolboxes\Data Management Tools.tbx\AddIndex" Date="20210817" Time="091238">AddIndex C:\ProgramData\Innovyze\Temp\IWPR10VDB\IWVDB17\PIPEHYD.DBF ID # UNIQUE NON_ASCENDING</Process><Process ToolSource="c:\program files\arcgis\pro\Resources\ArcToolbox\Toolboxes\Data Management Tools.tbx\RemoveIndex" Date="20210817" Time="091242">RemoveIndex C:\ProgramData\Innovyze\Temp\IWPR10VDB\IWVDB17\PIPEHYD.DBF ID</Process><Process ToolSource="c:\program files\arcgis\pro\Resources\ArcToolbox\Toolboxes\Data Management Tools.tbx\AddIndex" Date="20210817" Time="091243">AddIndex C:\ProgramData\Innovyze\Temp\IWPR10VDB\IWVDB17\PIPEHYD.DBF ID # UNIQUE NON_ASCENDING</Process><Process ToolSource="c:\program files\arcgis\pro\Resources\ArcToolbox\Toolboxes\Data Management Tools.tbx\AddIndex" Date="20210817" Time="112440">AddIndex C:\ProgramData\Innovyze\Temp\IWPR10VDB\IWVDB17\PIPEHYD.DBF ID # UNIQUE NON_ASCENDING</Process><Process ToolSource="c:\program files\arcgis\pro\Resources\ArcToolbox\Toolboxes\Data Management Tools.tbx\RemoveIndex" Date="20210817" Time="112709">RemoveIndex C:\ProgramData\Innovyze\Temp\IWPR10VDB\IWVDB17\PIPEHYD.DBF ID</Process><Process ToolSource="c:\program files\arcgis\pro\Resources\ArcToolbox\Toolboxes\Data Management Tools.tbx\AddIndex" Date="20210817" Time="112711">AddIndex C:\ProgramData\Innovyze\Temp\IWPR10VDB\IWVDB17\PIPEHYD.DBF ID # UNIQUE NON_ASCENDING</Process><Process ToolSource="c:\program files\arcgis\pro\Resources\ArcToolbox\Toolboxes\Data Management Tools.tbx\RemoveIndex" Date="20210817" Time="112752">RemoveIndex C:\ProgramData\Innovyze\Temp\IWPR10VDB\IWVDB17\PIPEHYD.DBF ID</Process><Process ToolSource="c:\program files\arcgis\pro\Resources\ArcToolbox\Toolboxes\Data Management Tools.tbx\AddIndex" Date="20210817" Time="112752">AddIndex C:\ProgramData\Innovyze\Temp\IWPR10VDB\IWVDB17\PIPEHYD.DBF ID # UNIQUE NON_ASCENDING</Process><Process ToolSource="c:\program files\arcgis\pro\Resources\ArcToolbox\Toolboxes\Data Management Tools.tbx\RemoveIndex" Date="20210817" Time="112758">RemoveIndex C:\ProgramData\Innovyze\Temp\IWPR10VDB\IWVDB17\PIPEHYD.DBF ID</Process><Process ToolSource="c:\program files\arcgis\pro\Resources\ArcToolbox\Toolboxes\Data Management Tools.tbx\AddIndex" Date="20210817" Time="112759">AddIndex C:\ProgramData\Innovyze\Temp\IWPR10VDB\IWVDB17\PIPEHYD.DBF ID # UNIQUE NON_ASCENDING</Process><Process ToolSource="c:\program files\arcgis\pro\Resources\ArcToolbox\Toolboxes\Data Management Tools.tbx\RemoveIndex" Date="20210817" Time="113008">RemoveIndex C:\ProgramData\Innovyze\Temp\IWPR10VDB\IWVDB17\PIPEHYD.DBF ID</Process><Process ToolSource="c:\program files\arcgis\pro\Resources\ArcToolbox\Toolboxes\Data Management Tools.tbx\AddIndex" Date="20210817" Time="113009">AddIndex C:\ProgramData\Innovyze\Temp\IWPR10VDB\IWVDB17\PIPEHYD.DBF ID # UNIQUE NON_ASCENDING</Process><Process ToolSource="c:\program files\arcgis\pro\Resources\ArcToolbox\Toolboxes\Data Management Tools.tbx\RemoveIndex" Date="20210817" Time="113017">RemoveIndex C:\ProgramData\Innovyze\Temp\IWPR10VDB\IWVDB17\PIPEHYD.DBF ID</Process><Process ToolSource="c:\program files\arcgis\pro\Resources\ArcToolbox\Toolboxes\Data Management Tools.tbx\AddIndex" Date="20210817" Time="113018">AddIndex C:\ProgramData\Innovyze\Temp\IWPR10VDB\IWVDB17\PIPEHYD.DBF ID # UNIQUE NON_ASCENDING</Process><Process ToolSource="c:\program files\arcgis\pro\Resources\ArcToolbox\Toolboxes\Data Management Tools.tbx\AddIndex" Date="20210901" Time="161715">AddIndex C:\ProgramData\Innovyze\Temp\IWPR10VDB\IWVDB17\PIPEHYD.DBF ID # UNIQUE NON_ASCENDING</Process><Process ToolSource="c:\program files\arcgis\pro\Resources\ArcToolbox\Toolboxes\Data Management Tools.tbx\RemoveIndex" Date="20210901" Time="171252">RemoveIndex C:\ProgramData\Innovyze\Temp\IWPR10VDB\IWVDB17\PIPEHYD.DBF ID</Process><Process ToolSource="c:\program files\arcgis\pro\Resources\ArcToolbox\Toolboxes\Data Management Tools.tbx\AddIndex" Date="20210901" Time="171252">AddIndex C:\ProgramData\Innovyze\Temp\IWPR10VDB\IWVDB17\PIPEHYD.DBF ID # UNIQUE NON_ASCENDING</Process><Process ToolSource="c:\program files\arcgis\pro\Resources\ArcToolbox\Toolboxes\Data Management Tools.tbx\RemoveIndex" Date="20210901" Time="172047">RemoveIndex C:\ProgramData\Innovyze\Temp\IWPR10VDB\IWVDB17\PIPEHYD.DBF ID</Process><Process ToolSource="c:\program files\arcgis\pro\Resources\ArcToolbox\Toolboxes\Data Management Tools.tbx\AddIndex" Date="20210901" Time="172047">AddIndex C:\ProgramData\Innovyze\Temp\IWPR10VDB\IWVDB17\PIPEHYD.DBF ID # UNIQUE NON_ASCENDING</Process><Process ToolSource="c:\program files\arcgis\pro\Resources\ArcToolbox\Toolboxes\Data Management Tools.tbx\RemoveIndex" Date="20210907" Time="133026">RemoveIndex C:\ProgramData\Innovyze\Temp\IWPR10VDB\IWVDB19\PIPEHYD.DBF ID</Process><Process ToolSource="c:\program files\arcgis\pro\Resources\ArcToolbox\Toolboxes\Data Management Tools.tbx\AddIndex" Date="20210907" Time="133026">AddIndex C:\ProgramData\Innovyze\Temp\IWPR10VDB\IWVDB19\PIPEHYD.DBF ID # UNIQUE NON_ASCENDING</Process><Process ToolSource="c:\program files\arcgis\pro\Resources\ArcToolbox\Toolboxes\Data Management Tools.tbx\AddIndex" Date="20211103" Time="145138">AddIndex C:\ProgramData\Innovyze\Temp\IWPR10VDB\IWVDB16\PIPEHYD.DBF ID # UNIQUE NON_ASCENDING</Process><Process ToolSource="c:\program files\arcgis\pro\Resources\ArcToolbox\Toolboxes\Data Management Tools.tbx\AddIndex" Date="20211103" Time="223930">AddIndex C:\ProgramData\Innovyze\Temp\IWPR10VDB\IWVDB16\PIPEHYD.DBF ID # UNIQUE NON_ASCENDING</Process><Process ToolSource="c:\program files\arcgis\pro\Resources\ArcToolbox\Toolboxes\Data Management Tools.tbx\RemoveIndex" Date="20211103" Time="223932">RemoveIndex C:\ProgramData\Innovyze\Temp\IWPR10VDB\IWVDB16\PIPEHYD.DBF ID</Process><Process ToolSource="c:\program files\arcgis\pro\Resources\ArcToolbox\Toolboxes\Data Management Tools.tbx\AddIndex" Date="20211103" Time="223932">AddIndex C:\ProgramData\Innovyze\Temp\IWPR10VDB\IWVDB16\PIPEHYD.DBF ID # UNIQUE NON_ASCENDING</Process><Process ToolSource="c:\program files\arcgis\pro\Resources\ArcToolbox\Toolboxes\Data Management Tools.tbx\AddIndex" Date="20220414" Time="003132">AddIndex C:\ProgramData\Innovyze\Temp\IWPR10VDB\IWVDB28\PIPEHYD.DBF ID # UNIQUE NON_ASCENDING</Process><Process ToolSource="c:\program files\arcgis\pro\Resources\ArcToolbox\Toolboxes\Data Management Tools.tbx\RemoveIndex" Date="20220414" Time="185509">RemoveIndex C:\ProgramData\Innovyze\Temp\IWPR10VDB\IWVDB28\PIPEHYD.DBF ID</Process><Process ToolSource="c:\program files\arcgis\pro\Resources\ArcToolbox\Toolboxes\Data Management Tools.tbx\AddIndex" Date="20220414" Time="185509">AddIndex C:\ProgramData\Innovyze\Temp\IWPR10VDB\IWVDB28\PIPEHYD.DBF ID # UNIQUE NON_ASCENDING</Process><Process ToolSource="c:\program files\arcgis\pro\Resources\ArcToolbox\Toolboxes\Data Management Tools.tbx\AddIndex" Date="20220419" Time="011718">AddIndex C:\ProgramData\Innovyze\Temp\IWPR10VDB\IWVDB28\PIPEHYD.DBF ID # UNIQUE NON_ASCENDING</Process><Process ToolSource="c:\program files\arcgis\pro\Resources\ArcToolbox\Toolboxes\Data Management Tools.tbx\RemoveIndex" Date="20220419" Time="012859">RemoveIndex C:\ProgramData\Innovyze\Temp\IWPR10VDB\IWVDB28\PIPEHYD.DBF ID</Process><Process ToolSource="c:\program files\arcgis\pro\Resources\ArcToolbox\Toolboxes\Data Management Tools.tbx\AddIndex" Date="20220419" Time="012859">AddIndex C:\ProgramData\Innovyze\Temp\IWPR10VDB\IWVDB28\PIPEHYD.DBF ID # UNIQUE NON_ASCENDING</Process><Process ToolSource="c:\program files\arcgis\pro\Resources\ArcToolbox\Toolboxes\Data Management Tools.tbx\RemoveIndex" Date="20220419" Time="012905">RemoveIndex C:\ProgramData\Innovyze\Temp\IWPR10VDB\IWVDB28\PIPEHYD.DBF ID</Process><Process ToolSource="c:\program files\arcgis\pro\Resources\ArcToolbox\Toolboxes\Data Management Tools.tbx\AddIndex" Date="20220419" Time="012905">AddIndex C:\ProgramData\Innovyze\Temp\IWPR10VDB\IWVDB28\PIPEHYD.DBF ID # UNIQUE NON_ASCENDING</Process><Process ToolSource="c:\program files\arcgis\pro\Resources\ArcToolbox\Toolboxes\Data Management Tools.tbx\RemoveIndex" Date="20220419" Time="012908">RemoveIndex C:\ProgramData\Innovyze\Temp\IWPR10VDB\IWVDB28\PIPEHYD.DBF ID</Process><Process ToolSource="c:\program files\arcgis\pro\Resources\ArcToolbox\Toolboxes\Data Management Tools.tbx\AddIndex" Date="20220419" Time="012908">AddIndex C:\ProgramData\Innovyze\Temp\IWPR10VDB\IWVDB28\PIPEHYD.DBF ID # UNIQUE NON_ASCENDING</Process><Process ToolSource="c:\program files\arcgis\pro\Resources\ArcToolbox\Toolboxes\Data Management Tools.tbx\RemoveIndex" Date="20220419" Time="012926">RemoveIndex C:\ProgramData\Innovyze\Temp\IWPR10VDB\IWVDB28\PIPEHYD.DBF ID</Process><Process ToolSource="c:\program files\arcgis\pro\Resources\ArcToolbox\Toolboxes\Data Management Tools.tbx\AddIndex" Date="20220419" Time="012927">AddIndex C:\ProgramData\Innovyze\Temp\IWPR10VDB\IWVDB28\PIPEHYD.DBF ID # UNIQUE NON_ASCENDING</Process><Process ToolSource="c:\program files\arcgis\pro\Resources\ArcToolbox\Toolboxes\Data Management Tools.tbx\RemoveIndex" Date="20220419" Time="012934">RemoveIndex C:\ProgramData\Innovyze\Temp\IWPR10VDB\IWVDB28\PIPEHYD.DBF ID</Process><Process ToolSource="c:\program files\arcgis\pro\Resources\ArcToolbox\Toolboxes\Data Management Tools.tbx\AddIndex" Date="20220419" Time="012935">AddIndex C:\ProgramData\Innovyze\Temp\IWPR10VDB\IWVDB28\PIPEHYD.DBF ID # UNIQUE NON_ASCENDING</Process><Process ToolSource="c:\program files\arcgis\pro\Resources\ArcToolbox\Toolboxes\Data Management Tools.tbx\RemoveIndex" Date="20220419" Time="012940">RemoveIndex C:\ProgramData\Innovyze\Temp\IWPR10VDB\IWVDB28\PIPEHYD.DBF ID</Process><Process ToolSource="c:\program files\arcgis\pro\Resources\ArcToolbox\Toolboxes\Data Management Tools.tbx\AddIndex" Date="20220419" Time="012940">AddIndex C:\ProgramData\Innovyze\Temp\IWPR10VDB\IWVDB28\PIPEHYD.DBF ID # UNIQUE NON_ASCENDING</Process><Process ToolSource="c:\program files\arcgis\pro\Resources\ArcToolbox\Toolboxes\Data Management Tools.tbx\RemoveIndex" Date="20220419" Time="013602">RemoveIndex C:\ProgramData\Innovyze\Temp\IWPR10VDB\IWVDB28\PIPEHYD.DBF ID</Process><Process ToolSource="c:\program files\arcgis\pro\Resources\ArcToolbox\Toolboxes\Data Management Tools.tbx\AddIndex" Date="20220419" Time="013602">AddIndex C:\ProgramData\Innovyze\Temp\IWPR10VDB\IWVDB28\PIPEHYD.DBF ID # UNIQUE NON_ASCENDING</Process><Process ToolSource="c:\program files\arcgis\pro\Resources\ArcToolbox\Toolboxes\Data Management Tools.tbx\RemoveIndex" Date="20220419" Time="120102">RemoveIndex C:\ProgramData\Innovyze\Temp\IWPR10VDB\IWVDB28\PIPEHYD.DBF ID</Process><Process ToolSource="c:\program files\arcgis\pro\Resources\ArcToolbox\Toolboxes\Data Management Tools.tbx\AddIndex" Date="20220419" Time="120103">AddIndex C:\ProgramData\Innovyze\Temp\IWPR10VDB\IWVDB28\PIPEHYD.DBF ID # UNIQUE NON_ASCENDING</Process><Process ToolSource="c:\program files\arcgis\pro\Resources\ArcToolbox\Toolboxes\Data Management Tools.tbx\RemoveIndex" Date="20220419" Time="120120">RemoveIndex C:\ProgramData\Innovyze\Temp\IWPR10VDB\IWVDB28\PIPEHYD.DBF ID</Process><Process ToolSource="c:\program files\arcgis\pro\Resources\ArcToolbox\Toolboxes\Data Management Tools.tbx\AddIndex" Date="20220419" Time="120121">AddIndex C:\ProgramData\Innovyze\Temp\IWPR10VDB\IWVDB28\PIPEHYD.DBF ID # UNIQUE NON_ASCENDING</Process><Process ToolSource="c:\program files\arcgis\pro\Resources\ArcToolbox\Toolboxes\Data Management Tools.tbx\RemoveIndex" Date="20220419" Time="121545">RemoveIndex C:\ProgramData\Innovyze\Temp\IWPR10VDB\IWVDB28\PIPEHYD.DBF ID</Process><Process ToolSource="c:\program files\arcgis\pro\Resources\ArcToolbox\Toolboxes\Data Management Tools.tbx\AddIndex" Date="20220419" Time="121546">AddIndex C:\ProgramData\Innovyze\Temp\IWPR10VDB\IWVDB28\PIPEHYD.DBF ID # UNIQUE NON_ASCENDING</Process><Process ToolSource="c:\program files\arcgis\pro\Resources\ArcToolbox\Toolboxes\Data Management Tools.tbx\AddIndex" Date="20230417" Time="150206">AddIndex C:\ProgramData\Innovyze\Temp\IWPR10VDB\IWVDB16\PIPEHYD.DBF ID # UNIQUE NON_ASCENDING</Process><Process ToolSource="c:\program files\arcgis\pro\Resources\ArcToolbox\Toolboxes\Data Management Tools.tbx\AddIndex" Date="20230417" Time="164234">AddIndex C:\ProgramData\Innovyze\Temp\IWPR10VDB\IWVDB16\PIPEHYD.DBF ID # UNIQUE NON_ASCENDING</Process></lineage></DataProperties></Esri></metadata>
