Node Name, GIS Property, Destination Field, Calc Method, Subcatchment Number, Subcatchent Area, Polygon Id, Polygon Area, Polygon %% Overlap, Polygon Source Value, Imported Value, Comment
4/1, CN, R_CN, Area Weighted (Overlapping Only), 1, 7969.798167, Developed, 1354191.877739, 100.000000%, 55., 55.000, OK
3/1, CN, R_CN, Area Weighted (Overlapping Only), 2, 214777.900981, Developed, 1354191.877739, 8.688366%, 55., 41.303, Already Imported. Subcatchment is not fully covered by GIS polygons. Overlaps by 99.999999%.
3/1, CN, R_CN, Area Weighted (Overlapping Only), 2, 214777.900981, Open, 1919926.841080, 91.311633%, 40., 41.303, Already Imported. Subcatchment is not fully covered by GIS polygons. Overlaps by 99.999999%.
3/1, CN, R_CN, Area Weighted (Overlapping Only), 1, 65069.369032, Developed, 1354191.877739, 2.837465%, 55., 40.426, OK
3/1, CN, R_CN, Area Weighted (Overlapping Only), 1, 65069.369032, Open, 1919926.841080, 97.162538%, 40., 40.426, OK
Junction, CN, R_CN, Area Weighted (Overlapping Only), 1, 16389.550546, Developed, 1354191.877739, 29.661081%, 55., 44.449, OK
Junction, CN, R_CN, Area Weighted (Overlapping Only), 1, 16389.550546, Open, 1919926.841080, 70.339007%, 40., 44.449, OK
3/2, CN, R_CN, Area Weighted (Overlapping Only), 1, 54277.450141, Developed, 1354191.877739, 100.000000%, 55., 55.000, OK
6/1, CN, R_CN, Area Weighted (Overlapping Only), 1, 29252.180951, Developed, 1354191.877739, 100.000000%, 55., 55.000, OK
5/1, CN, R_CN, Area Weighted (Overlapping Only), 1, 19126.074476, Developed, 1354191.877739, 100.000000%, 55., 55.000, OK
5/2, CN, R_CN, Area Weighted (Overlapping Only), 1, 44840.762972, Developed, 1354191.877739, 100.000000%, 55., 55.000, OK
5/3, CN, R_CN, Area Weighted (Overlapping Only), 1, 47952.300896, Developed, 1354191.877739, 100.000000%, 55., 55.000, OK
5/4, CN, R_CN, Area Weighted (Overlapping Only), 1, 58183.039503, Developed, 1354191.877739, 100.000000%, 55., 55.000, OK
