<?xml version="1.0"?>
<DatFileXmlList xmlns:xsd="http://www.w3.org/2001/XMLSchema" xmlns:xsi="http://www.w3.org/2001/XMLSchema-instance">
  <FileName>C:\Users\mengm\OneDrive - Autodesk\Desktop\workshop\M10-1D River\HEC-Conversion-5-complete.xml</FileName>
  <CpuThreads>0</CpuThreads>
  <Items>
    <DatFile>
      <FileName>C:\Users\mengm\OneDrive - Autodesk\Desktop\workshop\M10-1D River\1D\HEC-Conversion-5-complete\HEC-Conversion-5-complete.dat</FileName>
      <ScenarioName />
      <StormName />
      <EnginePath>C:\Program Files\Innovyze\xpswmm2023.2_x64\engine\swmmengw2D64.exe</EnginePath>
      <EngineType>ENGINE_SP_64</EngineType>
    </DatFile>
  </Items>
</DatFileXmlList>