_date,total_views,unique_views
2021-03-03,36,2
2021-03-04,38,4
2021-03-05,51,1
2021-03-08,6,1
2021-03-09,73,5
2021-03-10,25,4
2021-03-11,8,2
2021-03-12,13,6
2021-03-15,1,1
2021-03-16,49,6
2021-03-17,15,3
2021-03-18,74,2
2021-03-19,1,1
2021-03-20,12,1
2021-03-22,1,1
2021-03-23,1,1
2021-03-25,14,1
2021-03-27,3,1
2021-03-29,40,3
2021-03-30,51,7
2021-03-31,6,2
2021-04-01,20,1
2021-04-06,1,1
2021-04-07,24,4
2021-04-08,20,2
2021-04-09,57,3
2021-04-12,35,3
2021-04-15,1,1
2021-04-16,2,1
2021-04-19,8,2
2021-04-20,37,2
2021-04-23,1,1
2021-04-29,12,2
2021-04-30,9,1
2021-05-05,4,2
2021-05-10,17,5
2021-05-11,30,1
2021-05-12,11,3
2021-05-13,80,3
2021-05-14,9,3
2021-05-17,3,1
2021-05-18,34,2
2021-05-20,26,4
2021-05-24,12,2
2021-05-27,70,1
2021-06-02,25,3
2021-06-04,7,1
2021-06-07,9,2
2021-06-08,53,5
2021-06-09,93,13
2021-06-10,113,16
2021-06-11,54,10
2021-06-13,16,2
2021-06-14,146,9
2021-06-15,9,6
2021-06-16,43,7
2021-06-17,164,13
2021-06-18,10,6
2021-06-20,1,1
2021-06-21,43,7
2021-06-22,41,10
2021-06-23,11,4
2021-06-24,33,5
2021-06-25,95,9
2021-06-28,144,13
2021-06-29,48,5
2021-06-30,95,12
2021-07-01,37,7
2021-07-02,84,10
2021-07-05,93,9
2021-07-06,84,6
2021-07-07,22,7
2021-07-08,46,4
2021-07-09,13,2
2021-07-12,81,8
2021-07-13,73,10
2021-07-14,13,5
2021-07-15,46,7
2021-07-16,60,6
2021-07-19,67,10
2021-07-20,69,13
2021-07-21,20,5
2021-07-22,44,9
2021-07-23,42,8
2021-07-26,15,6
2021-07-27,140,9
2021-07-28,56,7
2021-07-29,83,9
2021-07-30,4,2
2021-08-02,79,6
2021-08-03,45,9
2021-08-04,26,6
2021-08-05,92,3
2021-08-06,15,4
2021-08-08,2,2
2021-08-09,8,4
2021-08-10,23,8
2021-08-11,62,8
2021-08-12,2,2
2021-08-13,2,1
2021-08-14,11,2
2021-08-16,39,6
2021-08-17,44,13
2021-08-18,41,9
2021-08-19,11,3
2021-08-20,30,4
2021-08-22,5,1
2021-08-23,35,7
2021-08-24,10,4
2021-08-25,31,6
2021-08-26,34,7
2021-08-27,15,4
2021-08-28,15,1
2021-08-29,2,2
2021-08-30,20,7
2021-08-31,55,9
2021-09-01,37,10
2021-09-02,65,14
2021-09-03,45,5
2021-09-04,10,1
2021-09-06,23,2
2021-09-07,83,14
2021-09-08,83,14
2021-09-09,211,11
2021-09-10,37,5
2021-09-11,2,1
2021-09-12,34,3
2021-09-13,91,8
2021-09-14,153,14
2021-09-15,29,6
2021-09-16,79,8
2021-09-17,12,5
2021-09-18,5,1
2021-09-19,3,1
2021-09-20,48,10
2021-09-21,72,13
2021-09-22,17,4
2021-09-23,25,5
2021-09-24,63,6
2021-09-26,1,1
2021-09-27,41,5
2021-09-28,25,8
2021-09-29,46,6
2021-09-30,19,4
2021-10-01,24,5
2021-10-02,1,1
2021-10-03,1,1
2021-10-04,62,5
2021-10-05,27,3
2021-10-06,69,10
2021-10-07,30,7
2021-10-08,18,6
2021-10-11,34,6
2021-10-12,18,9
2021-10-13,69,9
2021-10-14,65,9
2021-10-15,6,3
2021-10-17,52,5
2021-10-18,9,3
2021-10-19,26,11
2021-10-20,80,7
2021-10-21,39,6
2021-10-22,72,5
2021-10-24,2,1
2021-10-25,107,8
2021-10-26,37,3
2021-10-27,3,3
2021-10-28,62,6
2021-10-29,4,4
2021-11-01,14,2
2021-11-02,2,1
2021-11-03,13,3
2021-11-04,7,3
2021-11-05,11,3
2021-11-07,12,1
2021-11-08,25,4
2021-11-09,50,9
2021-11-10,18,6
2021-11-11,15,3
2021-11-12,97,9
2021-11-13,38,2
2021-11-14,1,1
2021-11-15,80,9
2021-11-16,62,10
2021-11-17,123,10
2021-11-18,67,9
2021-11-19,67,9
2021-11-20,12,2
2021-11-21,31,4
2021-11-22,65,14
2021-11-23,19,6
2021-11-24,8,3
2021-11-25,1,1
2021-11-26,21,6
2021-11-27,2,1
2021-11-29,121,10
2021-11-30,66,10
2021-12-01,21,8
2021-12-02,15,3
2021-12-03,38,9
2021-12-04,9,3
2021-12-05,11,3
2021-12-06,23,5
2021-12-07,96,15
2021-12-08,189,7
2021-12-09,29,8
2021-12-10,59,10
2021-12-11,1,1
2021-12-13,11,5
2021-12-14,64,9
2021-12-15,25,8
2021-12-16,85,7
2021-12-17,20,5
2021-12-18,40,2
2021-12-19,1,1
2021-12-20,96,10
2021-12-21,53,13
2021-12-22,2,2
2021-12-23,39,8
2021-12-24,2,2
2021-12-25,1,1
2021-12-26,1,1
2021-12-27,19,1
2021-12-28,2,2
2021-12-29,79,5
2021-12-30,89,5
2022-01-01,24,1
2022-01-03,42,5
2022-01-04,95,11
2022-01-05,77,7
2022-01-06,50,9
2022-01-07,74,10
2022-01-09,33,4
2022-01-10,62,15
2022-01-11,116,26
2022-01-12,59,20
2022-01-13,85,20
2022-01-14,45,7
2022-01-15,2,2
2022-01-16,28,2
2022-01-17,44,9
2022-01-18,17,9
2022-01-19,24,8
2022-01-20,106,12
2022-01-21,138,10
2022-01-22,2,2
2022-01-23,8,2
2022-01-24,128,10
2022-01-25,42,9
2022-01-26,36,5
2022-01-27,64,12
2022-01-28,132,32
2022-01-29,64,21
2022-01-30,21,7
2022-01-31,142,18
2022-02-01,49,10
2022-02-02,54,14
2022-02-03,54,16
2022-02-04,26,11
2022-02-05,17,5
2022-02-07,63,13
2022-02-08,162,19
2022-02-09,28,11
2022-02-10,124,17
2022-02-11,76,9
2022-02-13,7,1
2022-02-14,125,12
2022-02-15,46,8
2022-02-16,21,9
2022-02-17,51,9
2022-02-18,18,7
2022-02-19,2,1
2022-02-20,20,1
2022-02-21,43,11
2022-02-22,127,25
2022-02-23,56,13
2022-02-24,117,14
2022-02-25,60,8
2022-02-27,7,3
2022-02-28,76,12
2022-03-01,134,11
2022-03-02,108,17
2022-03-03,117,18
2022-03-04,85,19
2022-03-05,1,1
2022-03-06,12,3
2022-03-07,52,12
2022-03-08,87,14
2022-03-09,59,11
2022-03-10,43,8
2022-03-11,51,10
2022-03-12,56,3
2022-03-13,5,2
2022-03-14,109,13
2022-03-15,51,17
2022-03-16,141,17
2022-03-17,60,10
2022-03-18,265,7
2022-03-19,5,1
2022-03-20,2,2
2022-03-21,14,6
2022-03-22,13,5
2022-03-23,96,13
2022-03-24,8,2
2022-03-25,102,13
2022-03-27,16,2
2022-03-28,115,15
2022-03-29,71,13
2022-03-30,177,21
2022-03-31,55,10
2022-04-01,86,8
2022-04-02,5,3
2022-04-03,26,7
2022-04-04,31,11
2022-04-05,40,13
2022-04-06,65,9
2022-04-07,56,11
2022-04-08,55,14
2022-04-09,5,1
2022-04-10,3,2
2022-04-11,96,14
2022-04-12,58,13
2022-04-13,82,12
2022-04-14,35,8
2022-04-15,3,2
2022-04-16,9,1
2022-04-18,33,6
2022-04-19,30,7
2022-04-20,284,10
2022-04-21,38,9
2022-04-22,52,7
2022-04-23,10,1
2022-04-24,15,2
2022-04-25,36,7
2022-04-26,48,10
2022-04-27,35,9
2022-04-28,123,12
2022-04-29,37,9
2022-04-30,7,3
2022-05-02,10,4
2022-05-03,69,12
2022-05-04,53,11
2022-05-05,49,4
2022-05-06,85,4
2022-05-07,1,1
2022-05-08,4,4
2022-05-09,72,14
2022-05-10,98,7
2022-05-11,71,9
2022-05-12,48,11
2022-05-13,141,15
2022-05-15,14,3
2022-05-16,32,7
2022-05-17,81,17
2022-05-18,108,16
2022-05-19,69,14
2022-05-20,164,25
2022-05-23,49,11
2022-05-24,257,19
2022-05-25,77,10
2022-05-26,80,11
2022-05-27,101,18
2022-05-28,106,5
2022-05-29,3,3
2022-05-30,258,14
2022-05-31,65,10
2022-06-01,58,9
2022-06-02,14,4
2022-06-03,36,7
2022-06-04,20,1
2022-06-05,8,1
2022-06-06,80,14
2022-06-07,84,7
2022-06-08,72,13
2022-06-09,47,10
2022-06-10,46,8
2022-06-11,2,1
2022-06-13,103,11
2022-06-14,44,6
2022-06-15,67,9
2022-06-16,46,7
2022-06-17,66,3
2022-06-19,2,2
2022-06-20,52,4
2022-06-21,44,6
2022-06-22,62,7
2022-06-23,29,5
2022-06-24,106,10
2022-06-26,20,4
2022-06-27,89,10
2022-06-28,26,8
2022-06-29,22,6
2022-06-30,67,4
2022-07-01,6,4
2022-07-03,19,1
2022-07-04,18,3
2022-07-05,20,2
2022-07-06,146,23
2022-07-07,70,15
2022-07-08,66,11
2022-07-09,14,2
2022-07-10,17,1
2022-07-11,128,9
2022-07-12,107,17
2022-07-13,38,12
2022-07-14,23,6
2022-07-15,90,13
2022-07-17,17,3
2022-07-25,84,11
2022-07-26,36,8
2022-07-27,43,7
2022-07-28,65,3
2022-07-29,30,3
2022-07-31,1,1
2022-08-01,55,7
2022-08-02,37,4
2022-08-03,64,8
2022-08-04,23,6
2022-08-05,37,5
2022-08-07,10,1
2022-08-08,30,6
2022-08-09,52,11
2022-08-10,29,5
2022-08-11,45,11
2022-08-12,24,4
2022-08-13,31,2
2022-08-14,7,2
2022-08-15,5,4
2022-08-16,63,8
2022-08-17,47,7
2022-08-18,28,5
2022-08-19,55,5
2022-08-21,3,1
2022-08-22,17,3
2022-08-23,67,6
2022-08-24,72,8
2022-08-25,21,5
2022-08-26,44,6
2022-08-29,24,4
2022-08-30,123,7
2022-08-31,27,8
2022-09-01,53,6
2022-09-02,10,4
2022-09-03,3,1
2022-09-05,59,9
2022-09-06,64,7
2022-09-07,46,8
2022-09-08,87,16
2022-09-09,55,5
2022-09-11,4,3
2022-09-12,75,10
2022-09-13,15,4
2022-09-14,40,5
2022-09-15,95,13
2022-09-16,99,16
2022-09-18,1,1
2022-09-19,39,6
2022-09-20,18,2
2022-09-21,100,11
2022-09-22,54,6
2022-09-23,99,6
2022-09-25,2,1
2022-09-26,95,4
2022-09-27,13,3
2022-09-28,75,6
2022-09-29,30,6
2022-09-30,14,6
2022-10-02,2,1
2022-10-03,54,12
2022-10-04,69,10
2022-10-05,58,5
2022-10-06,113,7
2022-10-07,52,7
2022-10-08,1,1
2022-10-10,25,4
2022-10-11,23,5
2022-10-12,68,9
2022-10-13,84,5
2022-10-14,6,3
2022-10-15,8,1
2022-10-17,25,5
2022-10-18,146,16
2022-10-19,104,15
2022-10-20,100,14
2022-10-21,36,5
2022-10-24,85,10
2022-10-25,54,9
2022-10-26,39,6
2022-10-27,42,7
2022-10-28,50,8
2022-10-30,4,3
2022-10-31,51,7
2022-11-01,59,8
2022-11-02,43,5
2022-11-03,20,5
2022-11-04,21,8
2022-11-06,4,1
2022-11-07,56,12
2022-11-08,78,15
2022-11-09,26,5
2022-11-10,12,3
2022-11-11,7,3
2022-11-13,4,1
2022-11-14,21,6
2022-11-15,34,6
2022-11-16,26,9
2022-11-17,38,5
2022-11-18,37,8
2022-11-19,15,2
2022-11-20,29,4
2022-11-21,33,6
2022-11-22,82,6
2022-11-23,73,11
2022-11-24,30,6
2022-11-25,40,4
2022-11-26,6,1
2022-11-27,2,1
2022-11-28,66,12
2022-11-29,48,9
2022-11-30,24,2
2022-12-01,19,4
2022-12-02,18,3
2022-12-05,40,5
2022-12-06,47,5
2022-12-07,67,9
2022-12-08,77,15
2022-12-09,76,6
2022-12-12,48,7
2022-12-13,40,8
2022-12-14,154,14
2022-12-15,50,6
2022-12-16,82,9
2022-12-17,3,1
2022-12-19,6,3
2022-12-20,73,8
2022-12-21,37,7
2022-12-22,25,5
2022-12-23,17,4
2022-12-25,2,2
2022-12-26,7,1
2022-12-27,26,1
2022-12-28,48,10
2022-12-29,3,2
2022-12-30,11,4
2023-01-01,31,4
2023-01-03,69,6
2023-01-04,101,47
2023-01-05,52,11
2023-01-06,46,11
2023-01-07,6,3
2023-01-08,5,3
2023-01-09,43,7
2023-01-10,24,8
2023-01-11,22,3
2023-01-12,64,12
2023-01-13,119,13
2023-01-14,24,2
2023-01-15,20,2
2023-01-19,23,4
2023-01-20,103,15
2023-01-21,94,5
2023-01-22,31,6
2023-01-23,188,19
2023-01-24,41,12
2023-01-25,48,14
2023-01-26,128,10
2023-01-27,111,15
2023-01-28,7,1
2023-01-29,39,2
2023-01-30,63,10
2023-01-31,55,7
2023-02-01,37,11
2023-02-02,20,4
2023-02-03,23,7
2023-02-04,18,3
2023-02-05,1,1
2023-02-06,36,10
2023-02-07,52,8
2023-02-08,23,8
2023-02-09,66,12
2023-02-10,19,7
2023-02-11,1,1
2023-02-12,2,2
2023-02-13,56,8
2023-02-14,31,10
2023-02-15,74,12
2023-02-16,56,8
2023-02-17,24,4
2023-02-20,4,4
2023-02-21,170,32
2023-02-22,49,14
2023-02-23,91,9
2023-02-24,114,12
2023-02-26,12,4
2023-02-27,150,12
2023-02-28,169,22
2023-03-01,179,14
2023-03-02,104,11
2023-03-03,90,11
2023-03-04,2,2
2023-03-05,9,1
2023-03-06,63,7
2023-03-07,48,8
2023-03-08,57,12
2023-03-09,76,16
2023-03-10,42,7
2023-03-11,1,1
2023-03-12,68,4
2023-03-15,45,7
2023-03-16,95,16
2023-03-17,68,9
2023-03-19,5,1
2023-03-20,104,13
2023-03-21,95,11
2023-03-22,47,5
2023-03-23,135,9
2023-03-24,49,8
2023-03-25,23,2
2023-03-26,50,3
2023-03-27,25,6
2023-03-28,16,5
2023-03-29,31,3
2023-03-30,13,6
2023-03-31,86,8
2023-04-01,1,1
2023-04-02,31,3
2023-04-03,34,9
2023-04-04,62,10
2023-04-05,62,8
2023-04-06,29,9
2023-04-07,38,4
2023-04-08,4,4
2023-04-09,37,3
2023-04-10,17,5
2023-04-11,63,9
2023-04-12,30,7
2023-04-13,53,9
2023-04-14,4,3
2023-04-17,20,6
2023-04-18,97,12
2023-04-19,33,7
2023-04-20,48,9
2023-04-21,28,7
2023-04-22,15,1
2023-04-23,2,2
2023-04-24,32,6
2023-04-25,6,5
2023-04-26,100,12
2023-04-27,72,10
2023-04-28,80,9
2023-04-29,13,3
2023-05-01,20,5
2023-05-02,50,5
2023-05-03,22,10
2023-05-04,163,6
2023-05-05,96,5
2023-05-06,15,2
2023-05-07,86,1
2023-05-08,24,4
2023-05-09,118,15
2023-05-10,69,14
2023-05-11,20,6
2023-05-12,144,26
2023-05-13,1,1
2023-05-14,7,1
2023-05-15,82,12
2023-05-16,32,7
2023-05-17,153,20
2023-05-18,265,9
2023-05-19,218,15
2023-05-20,83,7
2023-05-21,32,4
2023-05-22,253,20
2023-05-23,122,12
2023-05-24,139,14
2023-05-25,31,9
2023-05-26,128,15
2023-05-27,11,1
2023-05-28,2,2
2023-05-29,54,5
2023-05-30,149,17
2023-05-31,53,11
2023-06-01,10,5
2023-06-02,58,3
2023-06-03,19,2
2023-06-04,19,1
2023-06-05,70,8
2023-06-06,52,10
2023-06-07,46,7
2023-06-08,28,7
2023-06-09,8,3
2023-06-10,7,2
2023-06-12,101,5
2023-06-13,25,5
2023-06-14,34,8
2023-06-15,226,9
2023-06-16,110,8
2023-06-17,1,1
2023-06-18,1,1
2023-06-19,26,10
2023-06-20,36,10
2023-06-21,245,6
2023-06-22,140,12
2023-06-23,102,9
2023-06-25,53,1
2023-06-26,100,10
2023-06-27,58,6
2023-06-28,107,11
2023-06-29,62,10
2023-06-30,29,10
2023-07-01,47,2
2023-07-02,21,3
2023-07-03,86,9
2023-07-04,35,7
2023-07-05,156,7
2023-07-06,100,10
2023-07-07,83,11
2023-07-08,4,1
2023-07-09,153,2
2023-07-10,153,14
2023-07-11,131,12
2023-07-12,451,15
2023-07-13,250,15
2023-07-14,77,4
2023-07-15,64,1
2023-07-16,43,2
2023-07-17,29,4
2023-07-18,100,11
2023-07-19,107,5
2023-07-20,182,9
2023-07-21,6,4
2023-07-23,2,2
2023-07-24,133,15
2023-07-25,240,14
2023-07-26,137,8
2023-07-27,355,19
2023-07-28,208,14
2023-07-29,65,3
2023-07-30,52,2
2023-07-31,187,11
2023-08-01,198,15
2023-08-02,235,15
2023-08-03,90,12
2023-08-04,267,9
2023-08-05,55,3
2023-08-06,93,6
2023-08-07,199,17
2023-08-08,204,19
2023-08-09,429,18
2023-08-10,111,17
2023-08-11,69,6
2023-08-12,33,5
2023-08-13,17,2
2023-08-14,127,17
2023-08-15,307,28
2023-08-16,361,22
2023-08-17,368,34
2023-08-18,178,7
2023-08-19,1,1
2023-08-20,40,16
2023-08-21,171,11
2023-08-22,159,12
2023-08-23,484,34
2023-08-24,328,21
2023-08-25,268,12
2023-08-27,46,6
2023-08-28,128,16
2023-08-29,30,8
2023-08-30,125,11
2023-08-31,223,11
2023-09-01,71,6
2023-09-02,13,1
2023-09-03,110,6
2023-09-04,215,13
2023-09-05,249,15
2023-09-06,235,17
2023-09-07,194,8
2023-09-08,124,8
2023-09-09,8,3
2023-09-10,11,1
2023-09-11,154,16
2023-09-12,224,18
2023-09-13,239,13
2023-09-14,48,5
2023-09-15,178,10
2023-09-16,15,2
2023-09-17,2,1
2023-09-18,381,9
2023-09-19,78,7
2023-09-20,114,12
2023-09-21,155,10
2023-09-22,381,10
2023-09-23,3,1
2023-09-24,7,2
2023-09-25,177,6
2023-09-26,611,13
2023-09-27,253,32
2023-09-28,156,9
2023-09-29,176,8
2023-09-30,85,1
2023-10-01,2,1
2023-10-02,429,14
2023-10-03,54,8
2023-10-04,214,17
2023-10-05,456,13
2023-10-06,233,11
2023-10-07,36,4
2023-10-08,73,4
2023-10-09,203,16
2023-10-10,239,19
2023-10-11,309,19
2023-10-12,355,17
2023-10-13,990,23
2023-10-14,9,2
2023-10-16,349,15
2023-10-17,357,15
2023-10-18,274,23
2023-10-19,234,15
2023-10-20,276,11
2023-10-21,24,1
2023-10-22,3,1
2023-10-23,471,20
2023-10-24,650,23
2023-10-25,311,21
2023-10-26,752,17
2023-10-27,264,21
2023-10-28,35,4
2023-10-29,30,3
2023-10-30,137,8
2023-10-31,98,14
2023-11-01,352,17
2023-11-02,186,13
2023-11-03,208,11
2023-11-05,46,4
2023-11-06,218,11
2023-11-07,130,6
2023-11-08,244,16
2023-11-09,335,10
2023-11-10,142,9
2023-11-11,7,3
2023-11-12,8,1
2023-11-13,325,13
2023-11-14,163,16
2023-11-15,393,16
2023-11-16,233,15
2023-11-17,220,15
2023-11-18,6,1
2023-11-19,7,1
2023-11-20,323,16
2023-11-21,233,20
2023-11-22,252,17
2023-11-23,926,26
2023-11-24,249,12
2023-11-25,181,3
2023-11-26,59,8
2023-11-27,402,27
2023-11-28,526,29
2023-11-29,321,22
2023-11-30,492,27
2023-12-01,159,18
2023-12-02,27,3
2023-12-04,80,15
2023-12-05,203,18
2023-12-06,346,17
2023-12-07,356,16
2023-12-08,226,21
2023-12-09,82,2
2023-12-10,156,5
2023-12-11,375,17
2023-12-12,267,17
2023-12-13,865,53
2023-12-14,1105,63
2023-12-15,600,57
2023-12-16,123,9
2023-12-17,193,12
2023-12-18,843,32
2023-12-19,265,20
2023-12-20,349,17
2023-12-21,264,19
2023-12-22,121,9
2023-12-23,26,6
2023-12-24,30,8
2023-12-25,66,4
2023-12-26,56,9
2023-12-27,449,16
2023-12-28,205,12
2023-12-29,103,9
2023-12-30,10,4
2023-12-31,6,2
2024-01-01,44,4
2024-01-02,164,12
2024-01-03,319,16
2024-01-04,372,20
2024-01-05,180,8
2024-01-06,45,4
2024-01-07,34,2
2024-01-08,295,14
2024-01-09,348,29
2024-01-10,467,19
2024-01-11,397,24
2024-01-12,242,10
2024-01-13,4,2
2024-01-14,16,1
2024-01-15,277,13
2024-01-16,316,22
2024-01-17,476,19
2024-01-18,489,23
2024-01-19,189,19
2024-01-20,23,2
2024-01-21,105,4
2024-01-22,176,18
2024-01-23,475,26
2024-01-24,342,21
2024-01-25,292,21
2024-01-26,504,19
2024-01-28,6,2
2024-01-29,670,18
2024-01-30,740,28
2024-01-31,268,24
2024-02-01,923,42
2024-02-02,735,35
2024-02-03,7,1
2024-02-04,53,6
2024-02-05,195,21
2024-02-06,263,18
2024-02-07,405,23
2024-02-08,255,20
2024-02-09,460,34
2024-02-10,67,4
2024-02-11,127,3
2024-02-12,142,25
2024-02-13,297,20
2024-02-14,186,16
2024-02-15,521,26
2024-02-16,101,14
2024-02-17,3,2
2024-02-18,117,33
2024-02-19,111,15
2024-02-20,257,21
2024-02-21,269,19
2024-02-22,344,15
2024-02-23,431,17
2024-02-24,49,2
2024-02-25,18,3
2024-02-26,503,19
2024-02-27,255,27
2024-02-28,196,13
2024-02-29,409,20
2024-03-01,291,20
2024-03-02,32,7
2024-03-03,1,1
2024-03-04,540,30
2024-03-05,124,16
2024-03-06,665,15
2024-03-07,433,16
2024-03-08,346,20
2024-03-09,1,1
2024-03-10,71,5
2024-03-11,212,20
2024-03-12,265,17
2024-03-13,250,17
2024-03-14,201,17
2024-03-15,141,7
2024-03-16,15,1
2024-03-17,4,2
2024-03-18,294,14
2024-03-19,141,18
2024-03-20,168,11
2024-03-21,377,13
2024-03-22,380,12
2024-03-23,51,2
2024-03-24,27,2
2024-03-25,60,8
2024-03-26,426,19
2024-03-27,208,15
2024-03-28,169,13
2024-03-29,6,4
2024-03-30,37,2
2024-03-31,1,1
2024-04-01,31,5
2024-04-02,229,18
2024-04-03,293,13
2024-04-04,526,18
2024-04-05,239,11
2024-04-06,35,2
2024-04-07,21,3
2024-04-08,271,18
2024-04-09,286,20
2024-04-10,175,20
2024-04-11,469,31
2024-04-12,457,19
2024-04-13,8,3
2024-04-14,4,2
2024-04-15,506,23
2024-04-16,586,38
2024-04-17,569,35
2024-04-18,964,26
2024-04-19,609,26
2024-04-20,65,11
2024-04-21,258,7
2024-04-22,502,23
2024-04-23,245,17
2024-04-24,308,23
2024-04-25,346,18
2024-04-26,187,12
2024-04-27,18,5
2024-04-28,17,4
2024-04-29,294,18
2024-04-30,447,24
2024-05-01,336,19
2024-05-02,716,24
2024-05-03,611,25
2024-05-04,25,3
2024-05-05,60,2
2024-05-06,360,19
2024-05-07,588,18
2024-05-08,649,27
2024-05-09,321,20
2024-05-10,630,49
2024-05-11,60,5
2024-05-12,36,6
2024-05-13,446,16
2024-05-14,290,14
2024-05-15,487,20
2024-05-16,314,23
2024-05-17,248,17
2024-05-18,15,1
2024-05-19,5,2
2024-05-20,345,15
2024-05-21,374,27
2024-05-22,259,20
2024-05-23,706,16
2024-05-24,252,20
2024-05-25,94,4
2024-05-26,61,5
2024-05-27,151,11
2024-05-28,391,14
2024-05-29,272,17
2024-05-30,341,28
2024-05-31,224,20
2024-06-01,28,2
2024-06-02,14,2
2024-06-03,111,16
2024-06-04,279,21
2024-06-05,315,15
2024-06-06,322,24
2024-06-07,33,7
2024-06-08,42,5
2024-06-09,1,1
2024-06-10,105,10
2024-06-11,217,14
2024-06-12,313,23
2024-06-13,336,21
2024-06-14,246,14
2024-06-15,30,2
2024-06-16,31,6
2024-06-17,283,19
2024-06-18,409,29
2024-06-19,508,22
2024-06-20,561,28
2024-06-21,294,16
2024-06-22,8,3
2024-06-23,74,2
2024-06-24,461,24
2024-06-25,470,25
2024-06-26,1135,38
2024-06-27,494,15
2024-06-28,159,11
2024-06-29,14,2
2024-06-30,101,4
2024-07-01,100,15
2024-07-02,199,16
2024-07-03,275,21
2024-07-04,411,17
2024-07-05,36,6
2024-07-06,8,2
2024-07-07,175,6
2024-07-08,126,12
2024-07-09,252,12
2024-07-10,86,15
2024-07-11,282,14
2024-07-12,163,12
2024-07-13,35,6
2024-07-14,10,4
2024-07-15,496,21
2024-07-16,673,27
2024-07-17,646,27
2024-07-18,781,32
2024-07-19,388,18
2024-07-20,133,6
2024-07-21,55,3
2024-07-22,532,24
2024-07-23,285,20
2024-07-24,362,14
2024-07-25,775,28
2024-07-26,219,16
2024-07-27,69,3
2024-07-28,8,2
2024-07-29,134,17
2024-07-30,629,16
2024-07-31,402,26
2024-08-01,178,10
2024-08-02,431,14
2024-08-03,262,5
2024-08-04,196,3
2024-08-05,117,12
2024-08-06,231,14
2024-08-07,211,17
2024-08-08,210,20
2024-08-09,537,23
2024-08-10,28,4
2024-08-11,69,3
2024-08-12,583,28
2024-08-13,818,41
2024-08-14,179,27
2024-08-15,283,14
2024-08-16,88,15
2024-08-17,186,5
2024-08-18,123,3
2024-08-19,208,15
2024-08-20,541,11
2024-08-21,456,20
2024-08-22,109,11
2024-08-23,333,16
2024-08-24,36,3
2024-08-25,84,6
2024-08-26,68,9
2024-08-27,211,10
2024-08-28,263,15
2024-08-29,253,15
2024-08-30,84,13
2024-08-31,12,1
2024-09-01,14,1
2024-09-02,36,7
2024-09-03,281,19
2024-09-04,310,22
2024-09-05,479,9
2024-09-06,175,11
2024-09-07,1,1
2024-09-08,92,5
2024-09-09,84,16
2024-09-10,192,18
2024-09-11,525,20
2024-09-12,301,19
2024-09-13,94,15
2024-09-14,32,3
2024-09-15,220,7
2024-09-16,175,12
2024-09-17,324,17
2024-09-18,172,13
2024-09-19,203,19
2024-09-20,151,16
2024-09-21,8,2
2024-09-22,66,5
2024-09-23,346,19
2024-09-24,381,22
2024-09-25,318,15
2024-09-26,139,14
2024-09-27,231,17
2024-09-28,3,2
2024-09-30,149,16
2024-10-01,161,24
2024-10-02,210,21
2024-10-03,80,21
2024-10-04,96,17
2024-10-05,13,3
2024-10-06,29,3
2024-10-07,54,12
2024-10-08,169,19
2024-10-09,243,29
2024-10-10,313,29
2024-10-11,70,13
2024-10-12,8,3
2024-10-13,10,3
2024-10-14,135,15
2024-10-15,99,13
2024-10-16,244,29
2024-10-17,250,27
2024-10-18,136,12
2024-10-19,2,2
2024-10-20,1,1
2024-10-21,172,21
2024-10-22,202,20
2024-10-23,360,40
2024-10-24,140,18
2024-10-25,134,22
2024-10-26,61,3
2024-10-27,2,2
2024-10-28,142,12
2024-10-29,78,13
2024-10-30,47,13
2024-10-31,217,20
2024-11-01,64,14
2024-11-02,9,3
2024-11-03,10,3
2024-11-04,106,17
2024-11-05,278,32
2024-11-06,49,14
2024-11-07,212,19
2024-11-08,75,13
2024-11-09,21,4
2024-11-10,21,7
2024-11-11,143,17
2024-11-12,135,18
2024-11-13,125,17
2024-11-14,227,16
2024-11-15,209,24
2024-11-16,69,7
2024-11-17,72,5
2024-11-18,132,15
2024-11-19,96,12
2024-11-20,106,18
2024-11-21,185,23
2024-11-22,293,19
2024-11-23,49,4
2024-11-24,55,8
2024-11-25,113,21
2024-11-26,151,25
2024-11-27,200,20
2024-11-28,206,26
2024-11-29,246,19
2024-11-30,47,7
2024-12-01,101,13
2024-12-02,111,26
2024-12-03,80,20
2024-12-04,142,15
2024-12-05,174,18
2024-12-06,109,11
2024-12-07,18,2
2024-12-08,11,5
2024-12-09,66,11
2024-12-10,248,23
2024-12-11,244,25
2024-12-12,44,14
2024-12-13,71,11
2024-12-14,6,3
2024-12-15,21,2
2024-12-16,126,13
2024-12-17,72,15
2024-12-18,167,12
2024-12-19,63,12
2024-12-20,106,9
2024-12-21,39,4
2024-12-22,9,1
2024-12-23,63,7
2024-12-24,119,3
2024-12-25,32,1
2024-12-26,77,10
2024-12-27,49,5
2024-12-28,7,4
2024-12-30,23,6
2024-12-31,24,5
2025-01-01,11,4
2025-01-02,48,8
2025-01-03,59,11
2025-01-04,8,5
2025-01-05,12,3
2025-01-06,83,13
2025-01-07,93,18
2025-01-08,149,18
2025-01-09,124,15
2025-01-10,211,15
2025-01-11,43,4
2025-01-12,20,3
2025-01-13,196,22
2025-01-14,119,20
2025-01-15,88,14
2025-01-16,182,19
2025-01-17,145,15
2025-01-18,15,2
2025-01-19,66,6
2025-01-20,140,13
2025-01-21,191,22
2025-01-22,155,19
2025-01-23,145,30
2025-01-24,119,13
2025-01-25,15,2
2025-01-26,4,4
2025-01-27,159,19
2025-01-28,125,17
2025-01-29,212,19
2025-01-30,121,14
2025-01-31,173,20
2025-02-01,3,3
2025-02-02,30,7
2025-02-03,239,16
2025-02-04,350,44
2025-02-05,145,21
2025-02-06,168,22
2025-02-07,172,19
2025-02-08,23,4
2025-02-09,29,7
2025-02-10,228,23
2025-02-11,123,16
2025-02-12,175,27
2025-02-13,131,23
2025-02-14,139,23
2025-02-15,30,4
2025-02-16,11,3
2025-02-17,96,16
2025-02-18,260,29
2025-02-19,85,18
2025-02-20,157,21
2025-02-21,113,12
2025-02-22,46,8
2025-02-23,15,3
2025-02-24,100,23
2025-02-25,237,21
2025-02-26,178,26
2025-02-27,325,39
2025-02-28,115,23
2025-03-01,72,5
2025-03-02,102,4
2025-03-03,472,18
2025-03-04,218,32
2025-03-05,190,23
2025-03-06,224,21
2025-03-07,354,25
2025-03-08,36,5
2025-03-09,118,6
2025-03-10,199,26
2025-03-11,203,32
2025-03-12,75,12
2025-03-13,217,30
2025-03-14,190,20
2025-03-15,19,2
2025-03-16,2,1
2025-03-17,87,10
2025-03-18,234,18
2025-03-19,95,17
2025-03-20,191,22
2025-03-21,178,28
2025-03-22,50,4
2025-03-23,34,3
2025-03-24,115,17
2025-03-25,150,21
2025-03-26,311,30
2025-03-27,202,24
2025-03-28,186,10
2025-03-29,2,2
2025-03-30,14,5
2025-03-31,158,24
2025-04-01,252,25
2025-04-02,228,21
2025-04-03,282,21
2025-04-04,126,19
2025-04-05,8,3
2025-04-06,14,5
2025-04-07,207,36
2025-04-08,201,34
2025-04-09,118,19
2025-04-10,190,20
2025-04-11,207,23
2025-04-12,62,8
2025-04-13,5,5
2025-04-14,297,31
2025-04-15,247,20
2025-04-16,141,15
2025-04-17,99,19
2025-04-18,76,10
2025-04-19,6,5
2025-04-20,33,2
2025-04-21,88,9
2025-04-22,105,16
2025-04-23,187,28
2025-04-24,219,25
2025-04-25,193,19
2025-04-26,24,3
2025-04-27,54,2
2025-04-28,90,16
2025-04-29,100,21
2025-04-30,79,21
2025-05-01,114,16
2025-05-02,206,23
2025-05-03,42,4
2025-05-04,91,3
2025-05-05,308,22
2025-05-06,189,26
2025-05-07,335,22
2025-05-08,262,34
2025-05-09,209,26
2025-05-10,11,3
2025-05-11,27,4
2025-05-12,172,21
2025-05-13,258,27
2025-05-14,223,27
2025-05-15,211,32
2025-05-16,144,16
2025-05-17,34,6
2025-05-18,7,4
2025-05-19,215,19
2025-05-20,284,22
2025-05-21,764,23
2025-05-22,3046,17
2025-05-23,944,21
2025-05-24,52,4
2025-05-25,14,3
2025-05-26,141,34
2025-05-27,242,42
2025-05-28,362,31
2025-05-29,398,30
2025-05-30,186,16
2025-05-31,23,4
2025-06-01,11,4
2025-06-02,101,20
2025-06-03,121,24
2025-06-04,179,35
2025-06-05,260,30
2025-06-06,144,16
2025-06-07,49,6
2025-06-08,51,5
2025-06-09,99,21
2025-06-10,92,17
2025-06-11,199,29
2025-06-12,207,27
2025-06-13,73,12
2025-06-14,38,11
2025-06-15,30,4
2025-06-16,127,16
2025-06-17,163,22
2025-06-18,128,16
2025-06-19,149,25
2025-06-20,163,16
2025-06-21,43,5
2025-06-22,16,5
2025-06-23,146,18
2025-06-24,173,22
2025-06-25,296,28
2025-06-26,163,28
2025-06-27,184,23
2025-06-28,19,5
2025-06-29,71,6
2025-06-30,235,33
2025-07-01,298,23
2025-07-02,268,32
2025-07-03,226,27
2025-07-04,158,16
2025-07-05,40,3
2025-07-06,54,5
2025-07-07,170,23
2025-07-08,272,39
2025-07-09,253,31
2025-07-10,248,24
2025-07-11,192,23
2025-07-12,27,5
2025-07-13,31,5
2025-07-14,250,27
2025-07-15,236,26
2025-07-16,87,18
2025-07-17,340,22
2025-07-18,373,26
2025-07-19,133,10
2025-07-20,221,11
2025-07-21,244,30
2025-07-22,221,35
2025-07-23,257,24
2025-07-24,227,29
2025-07-25,220,30
2025-07-26,81,5
2025-07-27,97,8
2025-07-28,109,20
2025-07-29,301,29
2025-07-30,239,35
2025-07-31,179,18
2025-08-01,489,22
2025-08-02,12,5
2025-08-03,26,7
2025-08-04,123,22
2025-08-05,236,22
2025-08-06,242,27
2025-08-07,91,18
2025-08-08,118,27
2025-08-09,31,3
2025-08-10,13,5
2025-08-11,83,25
2025-08-12,318,19
2025-08-13,214,20
2025-08-14,251,13
2025-08-15,112,16
2025-08-16,9,6
2025-08-17,23,6
2025-08-18,120,20
2025-08-19,78,15
2025-08-20,252,26
2025-08-21,80,11
2025-08-22,135,18
2025-08-23,3,2
2025-08-24,54,4
2025-08-25,104,16
2025-08-26,163,20
2025-08-27,58,13
2025-08-28,229,19
2025-08-29,177,16
2025-08-30,21,3
2025-08-31,2,2
2025-09-01,146,20
2025-09-02,187,20
2025-09-03,180,22
2025-09-04,180,18
2025-09-05,140,16
2025-09-06,19,4
2025-09-07,11,2
2025-09-08,431,35
2025-09-09,199,32
2025-09-10,529,42
2025-09-11,137,23
2025-09-12,246,28
2025-09-13,63,2
2025-09-14,6,4
2025-09-15,195,31
2025-09-16,233,26
2025-09-17,191,24
2025-09-18,46,18
2025-09-19,112,17
2025-09-20,3,1
2025-09-21,23,6
2025-09-22,237,28
2025-09-23,143,21
2025-09-24,158,22
2025-09-25,293,29
2025-09-26,152,26
2025-09-27,23,4
2025-09-28,23,8
2025-09-29,139,24
2025-09-30,65,16
2025-10-01,100,20
2025-10-02,174,22
2025-10-03,108,17
2025-10-04,9,4
2025-10-05,38,5
2025-10-06,123,14
2025-10-07,87,17
2025-10-08,133,19
2025-10-09,347,26
2025-10-10,183,21
2025-10-11,17,1
2025-10-12,5,3
2025-10-13,118,19
2025-10-14,161,23
2025-10-15,135,25
2025-10-16,149,22
2025-10-17,206,20
2025-10-18,23,4
2025-10-19,14,7
2025-10-31,146,20
2025-11-01,46,7
2025-11-02,28,8
2025-11-03,225,29
2025-11-04,184,31
2025-11-05,240,28
2025-11-06,177,22
2025-11-07,106,22
2025-11-08,45,6
2025-11-09,14,7
2025-11-10,141,20
2025-11-11,178,28
2025-11-12,193,44
2025-11-13,125,28
2025-11-14,2,2
2026-01-08,164,40
2026-01-09,134,16
2026-01-10,13,2
2026-01-11,16,4
2026-01-12,109,24
2026-01-13,75,21
2026-01-14,232,35
2026-01-15,120,27
2026-01-16,196,31
2026-01-17,80,12
2026-01-18,53,6
2026-01-19,203,23
2026-01-20,252,32
2026-01-21,285,29
2026-01-22,195,26
2026-01-23,207,37
2026-01-24,98,5
2026-01-25,34,9
2026-01-26,161,22
2026-01-27,173,24
2026-01-28,504,21
2026-01-29,303,40
2026-01-30,233,28
2026-01-31,26,7
2026-02-01,7,6
2026-02-02,157,32
2026-02-03,290,36
2026-02-04,272,31
2026-02-05,275,50
2026-02-06,317,45
2026-02-07,160,9
