﻿<LandXML xmlns:xsi="http://www.w3.org/2001/XMLSchema-instance" xsi:schemaLocation="http://www.landxml.org/schema/LandXML-1.2 LandXML_xpswmm_1.0.xsd" date="2018-02-14" time="00:00:00" version="1.2" language="English" readOnly="false" LandXMLId="0" xmlns="http://www.landxml.org/schema/LandXML-1.2">
  <Units>
    <Imperial areaUnit="squareFoot" linearUnit="foot" volumeUnit="cubicFeet" temperatureUnit="fahrenheit" pressureUnit="inHG" diameterUnit="foot" widthUnit="foot" heightUnit="foot" velocityUnit="feetPerSecond" flowUnit="US_gallonPerDay" angularUnit="decimal degrees" directionUnit="decimal degrees" latLongAngularUnit="decimal degrees" elevationUnit="meter" />
  </Units>
  <Project name="C:\2018_Training\Notes_Revision\M03_Test\for_xml_links.xp" />
  <Application name="XPSWMM" desc="XPSWMM" manufacturer="Innovyze" version="2018.1" manufacturerURL="http://www.innovyze.com" timeStamp="2018-02-14T16:57:04" />
  <PipeNetworks>
    <PipeNetwork name="Pipe Network" pipeNetType="storm">
      <Structs>
        <Struct name="4/1" elevRim="0" elevSump="0">
          <Center pointGeometry="point" DTMAttribute="determinebyfeature" timeStamp="0001-01-01T00:00:00" role="measured" determinedTimeStamp="0001-01-01T00:00:00" ellipsoidHeight="0" latitude="0" longitude="0" northingStdError="0" eastingStdError="0" elevationStdError="0">1973374.534 683566.1249 </Center>
          <CircStruct diameter="1.23607744647421" lossCoeff="0" thickness="0" />
          <Invert refPipe="4/1-Junc" elev="0" flowDir="out" />
        </Struct>
        <Struct name="Outfall" elevRim="0" elevSump="0">
          <Center pointGeometry="point" DTMAttribute="determinebyfeature" timeStamp="0001-01-01T00:00:00" role="measured" determinedTimeStamp="0001-01-01T00:00:00" ellipsoidHeight="0" latitude="0" longitude="0" northingStdError="0" eastingStdError="0" elevationStdError="0">1973631.847 683263.5216 </Center>
          <CircStruct diameter="1.23607744647421" lossCoeff="0" thickness="0" />
          <Invert refPipe="3/1-out" elev="0" flowDir="in" />
          <HydraulicNode>
            <Outfall tideGate="false">
              <FreeOutfall DepthCriterion="MinOfYcYn" />
            </Outfall>
          </HydraulicNode>
        </Struct>
        <Struct name="3/1" elevRim="0" elevSump="0">
          <Center pointGeometry="point" DTMAttribute="determinebyfeature" timeStamp="0001-01-01T00:00:00" role="measured" determinedTimeStamp="0001-01-01T00:00:00" ellipsoidHeight="0" latitude="0" longitude="0" northingStdError="0" eastingStdError="0" elevationStdError="0">1973583.36 683385.8636 </Center>
          <CircStruct diameter="1.23607744647421" lossCoeff="0" thickness="0" />
          <Invert refPipe="3/1-out" elev="0" flowDir="out" />
          <Invert refPipe="Junc-3/1" elev="0" flowDir="in" />
          <Invert refPipe="5/1-3/1" elev="0" flowDir="in" />
        </Struct>
        <Struct name="Junction" elevRim="0" elevSump="0">
          <Center pointGeometry="point" DTMAttribute="determinebyfeature" timeStamp="0001-01-01T00:00:00" role="measured" determinedTimeStamp="0001-01-01T00:00:00" ellipsoidHeight="0" latitude="0" longitude="0" northingStdError="0" eastingStdError="0" elevationStdError="0">1973539.921 683496.6473 </Center>
          <CircStruct diameter="1.23607744647421" lossCoeff="0" thickness="0" />
          <Invert refPipe="4/1-Junc" elev="0" flowDir="in" />
          <Invert refPipe="Junc-3/1" elev="0" flowDir="out" />
          <Invert refPipe="3/2-Junc" elev="0" flowDir="in" />
        </Struct>
        <Struct name="3/2" elevRim="0" elevSump="0">
          <Center pointGeometry="point" DTMAttribute="determinebyfeature" timeStamp="0001-01-01T00:00:00" role="measured" determinedTimeStamp="0001-01-01T00:00:00" ellipsoidHeight="0" latitude="0" longitude="0" northingStdError="0" eastingStdError="0" elevationStdError="0">1973495.641 683615.0224 </Center>
          <CircStruct diameter="1.23607744647421" lossCoeff="0" thickness="0" />
          <Invert refPipe="3/2-Junc" elev="0" flowDir="out" />
        </Struct>
        <Struct name="6/1" elevRim="0" elevSump="0">
          <Center pointGeometry="point" DTMAttribute="determinebyfeature" timeStamp="0001-01-01T00:00:00" role="measured" determinedTimeStamp="0001-01-01T00:00:00" ellipsoidHeight="0" latitude="0" longitude="0" northingStdError="0" eastingStdError="0" elevationStdError="0">1973226.298 683548.3037 </Center>
          <CircStruct diameter="1.23607744647421" lossCoeff="0" thickness="0" />
          <Invert refPipe="6/1-5/2" elev="0" flowDir="out" />
        </Struct>
        <Struct name="5/1" elevRim="0" elevSump="0">
          <Center pointGeometry="point" DTMAttribute="determinebyfeature" timeStamp="0001-01-01T00:00:00" role="measured" determinedTimeStamp="0001-01-01T00:00:00" ellipsoidHeight="0" latitude="0" longitude="0" northingStdError="0" eastingStdError="0" elevationStdError="0">1973303.926 683442.2004 </Center>
          <CircStruct diameter="1.23607744647421" lossCoeff="0" thickness="0" />
          <Invert refPipe="5/2-5/1" elev="0" flowDir="in" />
          <Invert refPipe="5/1-3/1" elev="0" flowDir="out" />
        </Struct>
        <Struct name="5/2" elevRim="0" elevSump="0">
          <Center pointGeometry="point" DTMAttribute="determinebyfeature" timeStamp="0001-01-01T00:00:00" role="measured" determinedTimeStamp="0001-01-01T00:00:00" ellipsoidHeight="0" latitude="0" longitude="0" northingStdError="0" eastingStdError="0" elevationStdError="0">1973252.071 683549.6374 </Center>
          <CircStruct diameter="1.23607744647421" lossCoeff="0" thickness="0" />
          <Invert refPipe="6/1-5/2" elev="0" flowDir="in" />
          <Invert refPipe="5/2-5/1" elev="0" flowDir="out" />
          <Invert refPipe="5/3-5/2" elev="0" flowDir="in" />
        </Struct>
        <Struct name="5/3" elevRim="0" elevSump="0">
          <Center pointGeometry="point" DTMAttribute="determinebyfeature" timeStamp="0001-01-01T00:00:00" role="measured" determinedTimeStamp="0001-01-01T00:00:00" ellipsoidHeight="0" latitude="0" longitude="0" northingStdError="0" eastingStdError="0" elevationStdError="0">1973170.863 683718.9975 </Center>
          <CircStruct diameter="1.23607744647421" lossCoeff="0" thickness="0" />
          <Invert refPipe="5/3-5/2" elev="0" flowDir="out" />
          <Invert refPipe="5/4-5/3" elev="0" flowDir="in" />
        </Struct>
        <Struct name="5/4" elevRim="0" elevSump="0">
          <Center pointGeometry="point" DTMAttribute="determinebyfeature" timeStamp="0001-01-01T00:00:00" role="measured" determinedTimeStamp="0001-01-01T00:00:00" ellipsoidHeight="0" latitude="0" longitude="0" northingStdError="0" eastingStdError="0" elevationStdError="0">1973103.564 683862.5985 </Center>
          <CircStruct diameter="1.23607744647421" lossCoeff="0" thickness="0" />
          <Invert refPipe="5/4-5/3" elev="0" flowDir="out" />
        </Struct>
      </Structs>
      <Pipes>
        <Pipe type="136" name="4/1-Junc" refEnd="Junction" refStart="4/1" length="10" slope="0">
          <CircPipe diameter="0" hazenWilliams="0" mannings="0.014" thickness="0" />
        </Pipe>
        <Pipe type="136" name="3/1-out" refEnd="Outfall" refStart="3/1" length="10" slope="0">
          <CircPipe diameter="0" hazenWilliams="0" mannings="0.014" thickness="0" />
        </Pipe>
        <Pipe type="136" name="Junc-3/1" refEnd="3/1" refStart="Junction" length="10" slope="0">
          <CircPipe diameter="0" hazenWilliams="0" mannings="0.014" thickness="0" />
        </Pipe>
        <Pipe type="136" name="3/2-Junc" refEnd="Junction" refStart="3/2" length="10" slope="0">
          <CircPipe diameter="0" hazenWilliams="0" mannings="0.014" thickness="0" />
        </Pipe>
        <Pipe type="136" name="6/1-5/2" refEnd="5/2" refStart="6/1" length="10" slope="0">
          <CircPipe diameter="0" hazenWilliams="0" mannings="0.014" thickness="0" />
        </Pipe>
        <Pipe type="136" name="5/2-5/1" refEnd="5/1" refStart="5/2" length="10" slope="0">
          <CircPipe diameter="0" hazenWilliams="0" mannings="0.014" thickness="0" />
        </Pipe>
        <Pipe type="136" name="5/3-5/2" refEnd="5/2" refStart="5/3" length="10" slope="0">
          <CircPipe diameter="0" hazenWilliams="0" mannings="0.014" thickness="0" />
        </Pipe>
        <Pipe type="136" name="5/4-5/3" refEnd="5/3" refStart="5/4" length="10" slope="0">
          <CircPipe diameter="0" hazenWilliams="0" mannings="0.014" thickness="0" />
        </Pipe>
        <Pipe type="136" name="5/1-3/1" refEnd="3/1" refStart="5/1" length="10" slope="0">
          <CircPipe diameter="0" hazenWilliams="0" mannings="0.013" thickness="0" />
        </Pipe>
      </Pipes>
    </PipeNetwork>
  </PipeNetworks>
</LandXML>