{"storms":{"1":{"F_R_RAINST":"","F__RECNAME":"Rainfall Event","F_R_HOFF":0,"F_R_KPREPC":2,"F_R_KPREPV":0,"F_R_KTIMEC":0,"F_R_KTIMEV":0,"F_R_KTYPE":0,"F_R_RAINSDAY":1,"F_R_RAINSHR":0,"F_R_RAINSMIN":0,"F_R_RAINSMTH":9,"F_R_RAINSSEC":0,"F_R_RAINSYR":2001,"F_R_ROPT":0,"F_R_RMULT":1.0,"F_R_RMULTV":1.0,"F_R_THISTO":20.0,"F_R_BDATE":[],"F_R_BTIME":[],"F_R_BVOL":[],"F_R_DRAIN":[],"F_R_RAIN":[],"F_R_REIN":[0.01,0.03,0.05,0.07,0.08,0.08,0.08,0.08,0.08,0.08,0.08,0.08,0.08,0.08,0.09,0.55,1.73,2.24,2.28,2.31,2.32,2.32,2.32,2.32,2.32,2.32,2.32,2.32,2.32,2.32,2.32,2.32,2.32,2.32,2.32,2.32,2.32,2.32,2.32,2.32,2.32,2.32,2.38,2.56,2.87,3.49,4.37,4.69,4.72,4.74,4.74,4.82,4.94,4.99],"F_R_TRAIN":[]}},"results":{},"ensembles":{}}