<?xml version="1.0"?>
<DatFileXmlList xmlns:xsd="http://www.w3.org/2001/XMLSchema" xmlns:xsi="http://www.w3.org/2001/XMLSchema-instance">
  <FileName>C:\xps\workshop update\M11-Adv Hydraulics\Design4.xml</FileName>
  <CpuThreads>0</CpuThreads>
  <Items>
    <DatFile>
      <FileName>C:\xps\workshop update\M11-Adv Hydraulics\1D\Design4\Design4.dat</FileName>
      <ScenarioName />
      <StormName />
      <EnginePath>C:\Program Files\Innovyze\xpswmm2019.1.2_x64\engine\swmmengw2D64.exe</EnginePath>
      <EngineType>ENGINE_SP_64</EngineType>
    </DatFile>
  </Items>
</DatFileXmlList>