<?xml version="1.0"?>
<DatFileXmlList xmlns:xsd="http://www.w3.org/2001/XMLSchema" xmlns:xsi="http://www.w3.org/2001/XMLSchema-instance">
  <FileName>C:\Users\mengm\OneDrive - Autodesk\Desktop\workshop\M11-Adv Hydraulics\My_Design5.xml</FileName>
  <CpuThreads>0</CpuThreads>
  <Items>
    <DatFile>
      <FileName>C:\Users\mengm\OneDrive - Autodesk\Desktop\workshop\M11-Adv Hydraulics\1D\My_Design5\My_Design5.dat</FileName>
      <ScenarioName />
      <StormName />
      <EnginePath>C:\Program Files\Innovyze\xpswmm2024.1_x64\engine\swmmengw2D64.exe</EnginePath>
      <EngineType>ENGINE_SP_64</EngineType>
    </DatFile>
  </Items>
</DatFileXmlList>